,correlation,scores_based_on_emp_rank,p_value,subharmonic_method,periods_considered
0,-0.16160220595714692,"[0.4360836390113848, 0.5215672664959862, 0.0054168512343302, 0.0865582199744762, 0.1542894115641612, 1.0, 0.916177907926823, 0.3429978701000641, 0.1835630551170576, 0.0792408169422637, 0.2798141017514379, 0.4625279294380351, 0.0]",0.5978854089247089,Smallest_delta_t_and_choose_top_3_t_sub,4
1,0.42037628969619784,"[0.0, 0.1109198724250039, 0.4132178027279304, 0.3359505851343858, 0.9271623545075448, 0.2360400456523284, 0.1539602625028244, 0.707350328093148, 1.0, 0.6135942229486009, 0.7999956848164618, 0.1552382297217608, 0.5432648925314469]",0.15264266979725652,Smallest_delta_t_and_filter_by_smallest_t_sub_(Chan's_method?),4
2,0.3291489727473383,"[0.437793656875681, 0.5341969182503766, 0.3064365995290753, 0.2151084808024977, 0.9139075361779938, 0.713836286110211, 0.0, 0.6540946495343206, 1.0, 0.5432770354327604, 0.7635993839069457, 0.7977052869162626, 0.4601493437888573]",0.2721393900172259,Smallest_ratio_and_filter_by_smallest_t_sub,4
3,0.32537896521740883,"[0.4676045840605338, 0.5636484078743014, 0.3330349883675894, 0.2367463556934985, 0.9224715345820876, 0.7370443314412654, 0.0, 0.680145201239459, 1.0, 0.5725827769772874, 0.7838855020696974, 0.8157066766696146, 0.4900741426417987]",0.2779971329861577,Smallest_ratio_and_filter_by_smallest_t_sub_without_square,4
4,-0.002457732796989763,"[0.5498627292790443, 0.7613911099998745, 0.1479629687808938, 0.0, 0.6019038274562558, 1.0, 0.8434707574039941, 0.4435327342452274, 0.4031071786296744, 0.2716151738598797, 0.2463363031517522, 0.8459078890966825, 0.4313190909220067]",0.9936421501271681,Smallest_t_sub_and_choose_top_3_delta_t,4
5,0.05912875755735547,"[0.090567557665143, 0.4329291561745582, 0.154029036891946, 0.4021167093540274, 0.6092031060400445, 1.0, 0.7991355930494851, 0.3390965117638329, 0.6987065271220884, 0.379743935577654, 0.9929916556862098, 0.0, 0.1374671519291471]",0.8478390855186582,Smallest_t_sub_and_filter_by_smallest_delta_t,4
6,0.08658269938225396,"[0.1761048644859862, 0.2338481147105497, 0.0218373607149499, 0.4760324462392729, 0.0774464417700597, 0.4325111571715333, 0.3650583684132216, 0.1557249463104632, 0.2424131516301195, 0.1841148052460602, 1.0, 0.0, 0.0372366352289545]",0.7785181595123516,Smallest_delta_t_and_choose_top_3_t_sub,5
7,0.034585467914362136,"[0.1860315339538514, 0.4924551144194441, 0.0849798867433, 0.0, 0.650225422467323, 1.0, 0.8202205182069141, 0.4084721706837187, 0.7303335855068915, 0.3053575064727195, 0.5103652136434744, 0.1049709377462018, 0.2280080338280465]",0.9106912009483,Smallest_delta_t_and_filter_by_smallest_t_sub_(Chan's_method?),5
8,-0.11025594149977369,"[0.3036807872022111, 0.4092352564728388, 0.0, 0.1703728222616249, 0.4502228526392032, 1.0, 0.4315395206340795, 0.4109061241849985, 0.2768094057030291, 0.1854987972728869, 0.4192081531953393, 0.3363339761620061, 0.0188441307458573]",0.7199139452023492,Smallest_ratio_and_filter_by_smallest_t_sub,5
9,-0.11058857930184753,"[0.3394461778287633, 0.4486924823257485, 0.0, 0.1954560058542769, 0.4900842953981341, 1.0, 0.4712851246703589, 0.4503906861829041, 0.3109880050324362, 0.2121603810074133, 0.4588147162966279, 0.3736652723577112, 0.0223257764702938]",0.719099662100409,Smallest_ratio_and_filter_by_smallest_t_sub_without_square,5
10,-0.002457732796989763,"[0.5498627292790443, 0.7613911099998745, 0.1479629687808938, 0.0, 0.6019038274562558, 1.0, 0.8434707574039941, 0.4435327342452274, 0.4031071786296744, 0.2716151738598797, 0.2463363031517522, 0.8459078890966825, 0.4313190909220067]",0.9936421501271681,Smallest_t_sub_and_choose_top_3_delta_t,5
11,0.05912875755735547,"[0.090567557665143, 0.4329291561745582, 0.154029036891946, 0.4021167093540274, 0.6092031060400445, 1.0, 0.7991355930494851, 0.3390965117638329, 0.6987065271220884, 0.379743935577654, 0.9929916556862098, 0.0, 0.1374671519291471]",0.8478390855186582,Smallest_t_sub_and_filter_by_smallest_delta_t,5
12,-0.04013994620356118,"[0.2748725225069945, 0.1853986943995367, 0.0, 0.980619020754432, 0.0263779039314754, 0.1948011681647934, 1.0, 0.9437538530191596, 0.1046290805741508, 0.0769755363848732, 0.4639868100472537, 0.1284438526816822, 0.1970480936070885]",0.896412531458539,Smallest_delta_t_and_choose_top_3_t_sub,6
13,-0.20901538125308933,"[0.4759813953582208, 0.5692860109192295, 0.0059124447200302, 0.0944775236616924, 0.1684055140701828, 0.3079165079871017, 1.0, 0.3743791103588366, 0.2003574344337052, 0.0308515898546106, 0.1126209087964617, 0.5048451020661133, 0.0]",0.493147405997144,Smallest_delta_t_and_filter_by_smallest_t_sub_(Chan's_method?),6
14,0.006987472965546186,"[0.2815134219476453, 0.343067745111192, 0.2121275974052192, 0.0631864597725421, 0.0622925480718677, 0.433420501962538, 1.0, 0.0459393217895583, 0.1583895346381922, 0.3760880514262614, 0.6531537703164936, 0.0, 0.1648187723175533]",0.9819254341895632,Smallest_ratio_and_filter_by_smallest_t_sub,6
15,-0.011585590761541503,"[0.3359525716419917, 0.4017168068889727, 0.258955376045086, 0.0814417141586584, 0.0803179308016041, 0.494419143523107, 1.0, 0.0596208824500746, 0.1969907152840919, 0.4360978202086864, 0.7040042464210126, 0.0, 0.2045195061316482]",0.9700352757255719,Smallest_ratio_and_filter_by_smallest_t_sub_without_square,6
16,-0.002457732796989763,"[0.5498627292790443, 0.7613911099998745, 0.1479629687808938, 0.0, 0.6019038274562558, 1.0, 0.8434707574039941, 0.4435327342452274, 0.4031071786296744, 0.2716151738598797, 0.2463363031517522, 0.8459078890966825, 0.4313190909220067]",0.9936421501271681,Smallest_t_sub_and_choose_top_3_delta_t,6
17,0.05912875755735547,"[0.090567557665143, 0.4329291561745582, 0.154029036891946, 0.4021167093540274, 0.6092031060400445, 1.0, 0.7991355930494851, 0.3390965117638329, 0.6987065271220884, 0.379743935577654, 0.9929916556862098, 0.0, 0.1374671519291471]",0.8478390855186582,Smallest_t_sub_and_filter_by_smallest_delta_t,6
18,0.18334129916141204,"[0.2005169807242706, 0.1110657641386091, 0.0, 1.0, 0.0158020641192361, 0.1166984517738359, 0.5990644351532534, 0.5653693688826295, 0.1315850468901072, 0.5618523517335088, 0.6175909740531701, 0.3652781248388064, 0.1180445048947558]",0.5488011617192696,Smallest_delta_t_and_choose_top_3_t_sub,7
19,-0.4357149876090207,"[0.6176679523202805, 0.6912760378754125, 0.4210157796110167, 1.0, 0.0769853829887603, 0.208100859836771, 0.8585360300423994, 0.2705638640622246, 0.1070144950827345, 0.0, 0.2057495043863563, 0.3931786504304958, 0.4406459720838267]",0.13668165993084275,Smallest_delta_t_and_filter_by_smallest_t_sub_(Chan's_method?),7
20,-0.11020513120735037,"[0.0720441122930574, 0.2544479638270981, 0.2843392723327303, 1.0, 0.4333610630250648, 0.3214611859518961, 0.741684310032203, 0.6988323838350955, 0.1719239870316029, 0.2510067908511316, 0.3068788925188757, 0.0, 0.4256998905472257]",0.7200383506006526,Smallest_ratio_and_filter_by_smallest_t_sub,7
21,-0.10292971170436076,"[0.0975947389802831, 0.3172925787371085, 0.3503734021956752, 1.0, 0.5058803402347308, 0.3905127252213691, 0.7898414338058862, 0.7528182498858292, 0.2220380056544967, 0.3134385150014222, 0.3748653482475496, 0.0, 0.4982282888806118]",0.7379159026695149,Smallest_ratio_and_filter_by_smallest_t_sub_without_square,7
22,-0.002457732796989763,"[0.5498627292790443, 0.7613911099998745, 0.1479629687808938, 0.0, 0.6019038274562558, 1.0, 0.8434707574039941, 0.4435327342452274, 0.4031071786296744, 0.2716151738598797, 0.2463363031517522, 0.8459078890966825, 0.4313190909220067]",0.9936421501271681,Smallest_t_sub_and_choose_top_3_delta_t,7
23,0.05912875755735547,"[0.090567557665143, 0.4329291561745582, 0.154029036891946, 0.4021167093540274, 0.6092031060400445, 1.0, 0.7991355930494851, 0.3390965117638329, 0.6987065271220884, 0.379743935577654, 0.9929916556862098, 0.0, 0.1374671519291471]",0.8478390855186582,Smallest_t_sub_and_filter_by_smallest_delta_t,7
24,0.6506705391131565,"[0.1110540604752591, 0.0615125165102139, 0.0, 0.5538386827595848, 0.266226530369353, 0.0646321168105042, 0.3317850576533925, 0.9526931441174104, 0.3392389536317577, 1.0, 0.9514753265562113, 0.2023051555016157, 0.9067036581438876]",0.0160271346405888,Smallest_delta_t_and_choose_top_3_t_sub,8
25,0.21233920879765883,"[0.1577115068346835, 0.2167438680244021, 0.0, 0.4643349349923027, 0.0568505469558263, 0.419842038494488, 0.3508833745164665, 0.1368766094903947, 0.2255001183406379, 0.165900268537879, 1.0, 0.2768265172637152, 0.015743061425102]",0.486137854666399,Smallest_delta_t_and_filter_by_smallest_t_sub_(Chan's_method?),8
26,-0.3994479758951308,"[0.9380817740336588, 0.5953980630800244, 0.2926815002914181, 1.0, 0.2294712079671194, 0.3012371513868117, 0.4713124301038623, 0.561448814301232, 0.0, 0.2348342452590511, 0.0827469153773379, 0.3559534667394177, 0.7331775161480176]",0.17630396634397508,Smallest_ratio_and_filter_by_smallest_t_sub,8
27,-0.39474140273719477,"[0.95195481940374, 0.6631545781550469, 0.362802830151047, 1.0, 0.2922048732274033, 0.3721065782162092, 0.5464877177496358, 0.6319949193963179, 0.0, 0.2983284651776149, 0.1131950951286675, 0.4303111693642947, 0.7844635519439273]",0.18192897198384694,Smallest_ratio_and_filter_by_smallest_t_sub_without_square,8
28,-0.002457732796989763,"[0.5498627292790443, 0.7613911099998745, 0.1479629687808938, 0.0, 0.6019038274562558, 1.0, 0.8434707574039941, 0.4435327342452274, 0.4031071786296744, 0.2716151738598797, 0.2463363031517522, 0.8459078890966825, 0.4313190909220067]",0.9936421501271681,Smallest_t_sub_and_choose_top_3_delta_t,8
29,0.05912875755735547,"[0.090567557665143, 0.4329291561745582, 0.154029036891946, 0.4021167093540274, 0.6092031060400445, 1.0, 0.7991355930494851, 0.3390965117638329, 0.6987065271220884, 0.379743935577654, 0.9929916556862098, 0.0, 0.1374671519291471]",0.8478390855186582,Smallest_t_sub_and_filter_by_smallest_delta_t,8
30,0.5333634729060329,"[0.0, 0.3806656077497218, 0.2089934432201985, 0.5697564088008593, 0.3166770215201738, 0.324532128288305, 0.673331917574538, 0.9467832026907268, 0.2566915298341917, 1.0, 0.9454132458608994, 0.1026508935685587, 0.8950483514149448]",0.06050881428014131,Smallest_delta_t_and_choose_top_3_t_sub,9
31,-0.10545663212637198,"[0.2803051100268515, 0.1890629189069793, 0.0, 1.0, 0.0268992374950894, 0.1986512234026675, 0.1660229448897066, 0.9624062281527944, 0.2239920937158283, 0.0784968828420773, 0.4731570571518068, 0.1309824202500833, 0.0074489406144614]",0.7316923617543588,Smallest_delta_t_and_filter_by_smallest_t_sub_(Chan's_method?),9
32,0.42940684420684655,"[0.473314876561382, 0.2612773565552353, 0.1711919925286949, 0.5116271355262078, 0.0348580072203409, 0.0, 0.0976652124931085, 0.2402710633261391, 0.289652871920339, 0.3300020456973412, 1.0, 0.9751159596922496, 0.3465291867488604]",0.14310604431448587,Smallest_ratio_and_filter_by_smallest_t_sub,9
33,0.41136875374092596,"[0.5531625636885472, 0.3330321780078634, 0.2280639178184907, 0.5897837385498431, 0.0502855249552403, 0.0, 0.1355083195584074, 0.3092815479163501, 0.3644807282365622, 0.4080303020114422, 1.0, 0.9811046334685982, 0.4254967516910927]",0.16255751659690523,Smallest_ratio_and_filter_by_smallest_t_sub_without_square,9
34,-0.002457732796989763,"[0.5498627292790443, 0.7613911099998745, 0.1479629687808938, 0.0, 0.6019038274562558, 1.0, 0.8434707574039941, 0.4435327342452274, 0.4031071786296744, 0.2716151738598797, 0.2463363031517522, 0.8459078890966825, 0.4313190909220067]",0.9936421501271681,Smallest_t_sub_and_choose_top_3_delta_t,9
35,0.05912875755735547,"[0.090567557665143, 0.4329291561745582, 0.154029036891946, 0.4021167093540274, 0.6092031060400445, 1.0, 0.7991355930494851, 0.3390965117638329, 0.6987065271220884, 0.379743935577654, 0.9929916556862098, 0.0, 0.1374671519291471]",0.8478390855186582,Smallest_t_sub_and_filter_by_smallest_delta_t,9
36,0.27801624174541145,"[0.0, 0.2638779686264848, 1.0, 0.3949559947247472, 0.2195209849490012, 0.2249661567089923, 0.4667546923171566, 0.6563115321412669, 0.8464516485785107, 0.6932014956286202, 0.6553618760178839, 0.0711577529493392, 0.6204488558607705]",0.35772082084537804,Smallest_delta_t_and_choose_top_3_t_sub,10
37,0.16750801103984816,"[0.0957271460285403, 0.0645669771951598, 0.0, 0.3415105276509953, 0.0091863727903574, 0.0678414841227607, 0.3482601503979159, 1.0, 0.0764956581145437, 0.0268075118783561, 0.3590303695012868, 0.2123508044020137, 0.0686239987152271]",0.5843832167834229,Smallest_delta_t_and_filter_by_smallest_t_sub_(Chan's_method?),10
38,0.7953453245739495,"[0.0929000181166258, 0.3212102941401022, 0.0263927624273215, 0.0746823088206033, 0.3393724024818051, 0.0, 0.0205845758775666, 0.936326051507498, 0.4937563987605179, 1.0, 0.9346868968602834, 0.9074163738335068, 0.8744252528506918]",0.0011519516398306319,Smallest_ratio_and_filter_by_smallest_t_sub,10
39,0.784252815773254,"[0.1195794914487427, 0.380973576496148, 0.0349369577668586, 0.0968480401486752, 0.4002019593650214, 0.0, 0.0273182897051912, 0.9486668217227552, 0.556306441662288, 1.0, 0.9473309808147392, 0.9249975002526838, 0.8976978720174579]",0.0015050120159885915,Smallest_ratio_and_filter_by_smallest_t_sub_without_square,10
40,-0.002457732796989763,"[0.5498627292790443, 0.7613911099998745, 0.1479629687808938, 0.0, 0.6019038274562558, 1.0, 0.8434707574039941, 0.4435327342452274, 0.4031071786296744, 0.2716151738598797, 0.2463363031517522, 0.8459078890966825, 0.4313190909220067]",0.9936421501271681,Smallest_t_sub_and_choose_top_3_delta_t,10
41,0.05912875755735547,"[0.090567557665143, 0.4329291561745582, 0.154029036891946, 0.4021167093540274, 0.6092031060400445, 1.0, 0.7991355930494851, 0.3390965117638329, 0.6987065271220884, 0.379743935577654, 0.9929916556862098, 0.0, 0.1374671519291471]",0.8478390855186582,Smallest_t_sub_and_filter_by_smallest_delta_t,10
42,0.26371357304565785,"[0.0, 0.2638779686264848, 1.0, 0.8373613481517362, 0.2691848111811136, 0.2249661567089923, 0.4667546923171566, 0.6563115321412669, 0.8464516485785107, 0.6932014956286202, 0.6553618760178839, 0.0711577529493392, 0.8803649415022285]",0.3839789536028346,Smallest_delta_t_and_choose_top_3_t_sub,11
43,0.390775522617715,"[0.0957271460285403, 0.0645669771951598, 0.0, 0.5813400528589606, 0.2794462540359618, 0.0678414841227607, 0.3482601503979159, 1.0, 0.0764956581145437, 0.0268075118783561, 0.3590303695012868, 0.2123508044020137, 0.9517268637257508]",0.18675608765817844,Smallest_delta_t_and_filter_by_smallest_t_sub_(Chan's_method?),11
44,0.20900639298345386,"[0.3025976096254493, 0.0136243369351607, 1.0, 0.3755924881335227, 0.0284501882966601, 0.0, 0.3945682038376377, 0.4486070510557235, 0.1544748842383133, 0.567724945491004, 0.5144094195129817, 0.4921483078986995, 0.4652174336445599]",0.4931664237351584,Smallest_ratio_and_filter_by_smallest_t_sub,11
45,0.24797901870774192,"[0.3525321601723847, 0.0173552117101722, 1.0, 0.4291875470913961, 0.0360530995343488, 0.0, 0.4486841693624577, 0.5032967244000749, 0.1878507893739028, 0.619303212527901, 0.5680872876500173, 0.5463699691880095, 0.5198235149248027]",0.41399186392399506,Smallest_ratio_and_filter_by_smallest_t_sub_without_square,11
46,-0.002457732796989763,"[0.5498627292790443, 0.7613911099998745, 0.1479629687808938, 0.0, 0.6019038274562558, 1.0, 0.8434707574039941, 0.4435327342452274, 0.4031071786296744, 0.2716151738598797, 0.2463363031517522, 0.8459078890966825, 0.4313190909220067]",0.9936421501271681,Smallest_t_sub_and_choose_top_3_delta_t,11
47,0.05912875755735547,"[0.090567557665143, 0.4329291561745582, 0.154029036891946, 0.4021167093540274, 0.6092031060400445, 1.0, 0.7991355930494851, 0.3390965117638329, 0.6987065271220884, 0.379743935577654, 0.9929916556862098, 0.0, 0.1374671519291471]",0.8478390855186582,Smallest_t_sub_and_filter_by_smallest_delta_t,11
48,-0.04145712052429387,"[1.0, 0.1937713613077788, 0.9339083915965471, 0.7703826667047955, 0.1991071487468046, 0.631650539468085, 0.5729635502787871, 0.5883453584255071, 0.7795225479684385, 0.9495712634944412, 0.8856487822461634, 0.0, 0.8136208127154385]",0.8930305845151968,Smallest_delta_t_and_choose_top_3_t_sub,12
49,0.37886600811121585,"[0.0333109566091098, 0.0, 0.2640602919464033, 0.5524426261051674, 0.2297110232398031, 0.0035005252623886, 0.727234410139129, 1.0, 0.0127520417053659, 0.2801486501671251, 0.3147883227632868, 0.1579844025216609, 0.9483948769207386]",0.20173423264081783,Smallest_delta_t_and_filter_by_smallest_t_sub_(Chan's_method?),12
50,0.21908460313186393,"[0.1137967598183694, 0.5274444266653098, 1.0, 0.3755924881335227, 0.2006359661555895, 0.0, 0.3945682038376377, 0.4486070510557235, 0.7836523938847381, 0.567724945491004, 0.5144094195129817, 0.5994486883653087, 0.4652174336445599]",0.4720559927895647,Smallest_ratio_and_filter_by_smallest_t_sub,12
51,0.25033628260682655,"[0.1401619560425733, 0.58071135110092, 1.0, 0.4291875470913961, 0.2406084190063964, 0.0, 0.4486841693624577, 0.5032967244000749, 0.8164384625568311, 0.619303212527901, 0.5680872876500173, 0.6492664784279394, 0.5198235149248027]",0.4094216736607804,Smallest_ratio_and_filter_by_smallest_t_sub_without_square,12
52,-0.002457732796989763,"[0.5498627292790443, 0.7613911099998745, 0.1479629687808938, 0.0, 0.6019038274562558, 1.0, 0.8434707574039941, 0.4435327342452274, 0.4031071786296744, 0.2716151738598797, 0.2463363031517522, 0.8459078890966825, 0.4313190909220067]",0.9936421501271681,Smallest_t_sub_and_choose_top_3_delta_t,12
53,0.05912875755735547,"[0.090567557665143, 0.4329291561745582, 0.154029036891946, 0.4021167093540274, 0.6092031060400445, 1.0, 0.7991355930494851, 0.3390965117638329, 0.6987065271220884, 0.379743935577654, 0.9929916556862098, 0.0, 0.1374671519291471]",0.8478390855186582,Smallest_t_sub_and_filter_by_smallest_delta_t,12
54,-0.04538874460712623,"[1.0, 0.0, 0.4120838916731795, 0.3210381604850241, 0.0029707904928858, 0.2437966868764175, 0.2111217065605803, 0.3901992764807241, 0.3261269449754898, 0.4208044622463667, 0.3852145325979086, 0.4845217367367282, 0.3451117343607255]",0.8829459403638086,Smallest_delta_t_and_choose_top_3_t_sub,13
55,0.5641286826772165,"[0.0527887103840999, 0.0, 0.2507496592579717, 0.5245953461399883, 0.2181318530726755, 0.3601892061418581, 0.6905763043694251, 0.9495924487914552, 0.0121092425100892, 1.0, 0.9482948102159564, 0.1500207956613989, 0.9005886135964352]",0.044620086786533834,Smallest_delta_t_and_filter_by_smallest_t_sub_(Chan's_method?),13
56,-0.31549261786309823,"[0.4120232349453249, 0.8036680599485618, 1.0, 0.3228702366505666, 0.6971481201058733, 0.0, 0.3763976149736852, 0.5160474815191918, 0.7653849440533794, 0.5312255221168257, 0.2802976695860678, 0.5656278797067031, 0.2056786731180867]",0.29370354212046834,Smallest_ratio_and_filter_by_smallest_t_sub,13
57,-0.29960542998262707,"[0.4600737384348886, 0.8308527868709497, 1.0, 0.3678510678891825, 0.7348391286144016, 0.0, 0.4236282345736473, 0.56362332894188, 0.7967139131600225, 0.5783955545604763, 0.3225666825969904, 0.6115785141205659, 0.2410685591711921]",0.31998357635450686,Smallest_ratio_and_filter_by_smallest_t_sub_without_square,13
58,-0.002457732796989763,"[0.5498627292790443, 0.7613911099998745, 0.1479629687808938, 0.0, 0.6019038274562558, 1.0, 0.8434707574039941, 0.4435327342452274, 0.4031071786296744, 0.2716151738598797, 0.2463363031517522, 0.8459078890966825, 0.4313190909220067]",0.9936421501271681,Smallest_t_sub_and_choose_top_3_delta_t,13
59,0.05912875755735547,"[0.090567557665143, 0.4329291561745582, 0.154029036891946, 0.4021167093540274, 0.6092031060400445, 1.0, 0.7991355930494851, 0.3390965117638329, 0.6987065271220884, 0.379743935577654, 0.9929916556862098, 0.0, 0.1374671519291471]",0.8478390855186582,Smallest_t_sub_and_filter_by_smallest_delta_t,13
60,-0.1199121664216483,"[1.0, 0.0, 0.9334424058461168, 0.3210381604850241, 0.0029707904928858, 0.2437966868764175, 0.2111217065605803, 0.6692157834596034, 0.3261269449754898, 0.4208044622463667, 0.3852145325979086, 0.6038356140054686, 0.3451117343607255]",0.6963896680457222,Smallest_delta_t_and_choose_top_3_t_sub,14
61,0.6132942911844246,"[0.042037738002972, 0.0, 0.1996818714365879, 0.4177560231752428, 0.1737070222562942, 0.2868329112250972, 0.5499332251709357, 0.7561980257036058, 0.0096430687612877, 0.796339552474346, 0.7551646647811195, 0.1194674932788437, 1.0]",0.025808174404504003,Smallest_delta_t_and_filter_by_smallest_t_sub_(Chan's_method?),14
62,-0.605370165109763,"[1.0, 0.3803092326458082, 0.5768519036278428, 0.221278887369152, 0.3099601672275935, 0.4746113482209759, 0.6104382727478919, 0.3696917351370586, 0.3550258779189782, 0.5689779642333219, 0.0346592267976788, 0.0, 0.2723434783455379]",0.028348104168554197,Smallest_ratio_and_filter_by_smallest_t_sub,14
63,-0.6083471649014078,"[1.0, 0.4336320073852177, 0.6275961869318006, 0.2634043626341413, 0.3599827458153194, 0.5287114782910138, 0.659213697592497, 0.422672591058656, 0.4074450785118318, 0.6201241260000386, 0.0437406427005024, 0.0, 0.3195530366133014]",0.02737326241078898,Smallest_ratio_and_filter_by_smallest_t_sub_without_square,14
64,-0.002457732796989763,"[0.5498627292790443, 0.7613911099998745, 0.1479629687808938, 0.0, 0.6019038274562558, 1.0, 0.8434707574039941, 0.4435327342452274, 0.4031071786296744, 0.2716151738598797, 0.2463363031517522, 0.8459078890966825, 0.4313190909220067]",0.9936421501271681,Smallest_t_sub_and_choose_top_3_delta_t,14
65,0.05912875755735547,"[0.090567557665143, 0.4329291561745582, 0.154029036891946, 0.4021167093540274, 0.6092031060400445, 1.0, 0.7991355930494851, 0.3390965117638329, 0.6987065271220884, 0.379743935577654, 0.9929916556862098, 0.0, 0.1374671519291471]",0.8478390855186582,Smallest_t_sub_and_filter_by_smallest_delta_t,14
66,-0.35092648084767736,"[0.1060968612568423, 0.0873637352571146, 1.0, 0.0279488439399681, 0.0, 0.0279299518883868, 0.0182903938536078, 0.0585435008145357, 0.0283959996591218, 0.0367153917265721, 0.0335880750527373, 0.0527984910296984, 0.0300642088683036]",0.23973208457483045,Smallest_delta_t_and_choose_top_3_t_sub,15
67,-0.15066862972119222,"[1.0, 0.1937713613077788, 0.9339083915965471, 0.275621574746538, 0.0501178653951851, 0.631650539468085, 0.397754626836396, 0.5883453584255071, 0.1073636115765361, 0.6254365292630997, 0.5873905226333426, 0.0, 0.8136208127154385]",0.6231953949689514,Smallest_delta_t_and_filter_by_smallest_t_sub_(Chan's_method?),15
68,-0.2699802239954009,"[1.0, 0.2874526454727237, 0.513445943481517, 0.3372397267495216, 0.1298278548229948, 0.395885313053529, 0.8451417036440753, 0.2852800090320396, 0.0, 0.6930132781965331, 0.4954146150183305, 0.3903542674882741, 0.2184133481844646]",0.37235252062107366,Smallest_ratio_and_filter_by_smallest_t_sub,15
69,-0.2600948483146908,"[1.0, 0.3262259744718398, 0.556973523354349, 0.378746379461355, 0.1526442193816242, 0.4393363173807442, 0.8656563046664971, 0.3239104315669119, 0.0, 0.7279476485508904, 0.5392431272991182, 0.4336785359964913, 0.2516319467112312]",0.39077818788022944,Smallest_ratio_and_filter_by_smallest_t_sub_without_square,15
70,-0.002457732796989763,"[0.5498627292790443, 0.7613911099998745, 0.1479629687808938, 0.0, 0.6019038274562558, 1.0, 0.8434707574039941, 0.4435327342452274, 0.4031071786296744, 0.2716151738598797, 0.2463363031517522, 0.8459078890966825, 0.4313190909220067]",0.9936421501271681,Smallest_t_sub_and_choose_top_3_delta_t,15
71,0.05912875755735547,"[0.090567557665143, 0.4329291561745582, 0.154029036891946, 0.4021167093540274, 0.6092031060400445, 1.0, 0.7991355930494851, 0.3390965117638329, 0.6987065271220884, 0.379743935577654, 0.9929916556862098, 0.0, 0.1374671519291471]",0.8478390855186582,Smallest_t_sub_and_filter_by_smallest_delta_t,15
72,-0.37824507198096247,"[0.089442404203327, 0.0703602582383274, 1.0, 0.0420372137556353, 0.0800498872697152, 0.0098191542330101, 0.0, 0.0410030692466559, 0.0102938850167542, 0.0187682770522027, 0.0155826948247752, 0.0351510232354238, 0.0119931749073056]",0.20253507333046777,Smallest_delta_t_and_choose_top_3_t_sub,16
73,-0.1793721251659543,"[1.0, 0.1937713613077788, 0.9339083915965471, 0.3255643206782, 0.1491724432311621, 0.631650539468085, 0.397754626836396, 0.5883453584255071, 0.1073636115765361, 0.6254365292630997, 0.5873905226333426, 0.0, 0.8136208127154385]",0.5576343719770109,Smallest_delta_t_and_filter_by_smallest_t_sub_(Chan's_method?),16
74,-0.04650104870385941,"[0.8825312487964492, 0.0313973222480377, 0.8036567315510196, 0.1290403084322692, 0.0059308148358551, 0.3251231658989288, 0.4194278485994911, 0.0993328938086491, 0.0, 0.3324500433046008, 0.2286783474418377, 1.0, 0.273214973570438]",0.8800957552614406,Smallest_ratio_and_filter_by_smallest_t_sub,16
75,-0.03128617891868599,"[0.9032559803200584, 0.0406452102627905, 0.8361494308962253, 0.1610912344039775, 0.0077560180453633, 0.3810597229657437, 0.4786110540731322, 0.1253320531149639, 0.0, 0.3888095828086328, 0.276078287727645, 1.0, 0.3252654648715663]",0.9191845113256996,Smallest_ratio_and_filter_by_smallest_t_sub_without_square,16
76,-0.002457732796989763,"[0.5498627292790443, 0.7613911099998745, 0.1479629687808938, 0.0, 0.6019038274562558, 1.0, 0.8434707574039941, 0.4435327342452274, 0.4031071786296744, 0.2716151738598797, 0.2463363031517522, 0.8459078890966825, 0.4313190909220067]",0.9936421501271681,Smallest_t_sub_and_choose_top_3_delta_t,16
77,0.05912875755735547,"[0.090567557665143, 0.4329291561745582, 0.154029036891946, 0.4021167093540274, 0.6092031060400445, 1.0, 0.7991355930494851, 0.3390965117638329, 0.6987065271220884, 0.379743935577654, 0.9929916556862098, 0.0, 0.1374671519291471]",0.8478390855186582,Smallest_t_sub_and_filter_by_smallest_delta_t,16
78,-0.3610705319565242,"[0.089442404203327, 0.0703602582383274, 1.0, 0.0420372137556353, 0.0800498872697152, 0.0098191542330101, 0.0, 0.0410030692466559, 0.0707862876153184, 0.0187682770522027, 0.0486063038318088, 0.0351510232354238, 0.0119931749073056]",0.22547112797420052,Smallest_delta_t_and_choose_top_3_t_sub,17
79,0.16975415689434076,"[0.9330864416088436, 0.0903233396820744, 0.8639998745529112, 0.2280885317388727, 0.0959009197350847, 0.5480451281986953, 0.3035501606455454, 0.5027775614645945, 0.0, 0.5415495284836407, 0.5017794570368722, 1.0, 0.7382614323344083]",0.5792800790000823,Smallest_delta_t_and_filter_by_smallest_t_sub_(Chan's_method?),17
80,-0.1817446461480399,"[0.8852527877000252, 0.6073902043406474, 0.8082056506300455, 0.0, 0.0289616033013118, 0.3407588438159063, 0.4328786572629065, 0.3839291541466779, 0.0231681947385319, 0.3479159706990183, 0.2465484776943515, 1.0, 0.2900532705958072]",0.5523473202151613,Smallest_ratio_and_filter_by_smallest_t_sub,17
81,-0.168871018545671,"[0.906201086385199, 0.6624949753780596, 0.8411374116152478, 0.0, 0.0379621618361804, 0.3999016603783504, 0.4944833090406907, 0.4447900981090169, 0.0304422544657953, 0.4074155970158281, 0.2981160967059543, 1.0, 0.3458059052868062]",0.5812843909855484,Smallest_ratio_and_filter_by_smallest_t_sub_without_square,17
82,-0.002457732796989763,"[0.5498627292790443, 0.7613911099998745, 0.1479629687808938, 0.0, 0.6019038274562558, 1.0, 0.8434707574039941, 0.4435327342452274, 0.4031071786296744, 0.2716151738598797, 0.2463363031517522, 0.8459078890966825, 0.4313190909220067]",0.9936421501271681,Smallest_t_sub_and_choose_top_3_delta_t,17
83,0.05912875755735547,"[0.090567557665143, 0.4329291561745582, 0.154029036891946, 0.4021167093540274, 0.6092031060400445, 1.0, 0.7991355930494851, 0.3390965117638329, 0.6987065271220884, 0.379743935577654, 0.9929916556862098, 0.0, 0.1374671519291471]",0.8478390855186582,Smallest_t_sub_and_filter_by_smallest_delta_t,17
84,-0.5719028910844715,"[0.725158360019106, 0.0611414614452801, 1.0, 0.0325375507518217, 0.0709271779361725, 0.0, 0.1479463377234059, 0.0314931511217942, 0.0615717155537213, 0.0090378670294926, 0.0391717833814027, 0.0255830731433627, 0.0021955794071248]",0.041135494140134454,Smallest_delta_t_and_choose_top_3_t_sub,18
85,-0.09459350641626434,"[1.0, 0.0, 0.4120838916731795, 0.0733779737669646, 0.0029707904928858, 0.2437966868764175, 0.1135711556851037, 0.2196857901054849, 0.3261269449754898, 0.2403369309077584, 0.2191541690231152, 0.4845217367367282, 0.3451117343607255]",0.7585498120951626,Smallest_delta_t_and_filter_by_smallest_t_sub_(Chan's_method?),18
86,-0.6267133425280386,"[1.0, 0.7658757643343127, 0.6435118596664053, 0.4746992187810799, 0.8649268622817179, 0.3977256945229167, 0.5540627054661321, 0.1717326750908639, 0.0, 0.1713324660701354, 0.1776583780204618, 0.8567798170054016, 0.0673462946054334]",0.02189534752654679,Smallest_ratio_and_filter_by_smallest_t_sub,18
87,-0.6336230685624746,"[1.0, 0.7959645963590019, 0.6835851950540991, 0.5209356156085982, 0.8839345433994753, 0.4434508362040134, 0.5985798509380392, 0.2015475219516705, 0.0, 0.2010975090104773, 0.208200802089099, 0.8767939032715978, 0.0811629290554947]",0.020061547740398922,Smallest_ratio_and_filter_by_smallest_t_sub_without_square,18
88,-0.002457732796989763,"[0.5498627292790443, 0.7613911099998745, 0.1479629687808938, 0.0, 0.6019038274562558, 1.0, 0.8434707574039941, 0.4435327342452274, 0.4031071786296744, 0.2716151738598797, 0.2463363031517522, 0.8459078890966825, 0.4313190909220067]",0.9936421501271681,Smallest_t_sub_and_choose_top_3_delta_t,18
89,0.05912875755735547,"[0.090567557665143, 0.4329291561745582, 0.154029036891946, 0.4021167093540274, 0.6092031060400445, 1.0, 0.7991355930494851, 0.3390965117638329, 0.6987065271220884, 0.379743935577654, 0.9929916556862098, 0.0, 0.1374671519291471]",0.8478390855186582,Smallest_t_sub_and_filter_by_smallest_delta_t,18
90,-0.5813963086934778,"[0.725158360019106, 0.0611414614452801, 1.0, 0.0325375507518217, 0.2122126720746323, 0.0, 0.1479463377234059, 0.0823965518524364, 0.0615717155537213, 0.0090378670294926, 0.0391717833814027, 0.0255830731433627, 0.0381704621256615]",0.03715245080128635,Smallest_delta_t_and_choose_top_3_t_sub,19
91,-0.3545763521451808,"[1.0, 0.0, 0.771191927581832, 0.0606234521562153, 0.9133047617015454, 0.2014200723180814, 0.093830275892705, 0.3223750391942382, 0.2694397273541955, 0.1985616893501312, 0.1810609042272214, 0.4003024179843124, 0.2851245904255961]",0.23453980518010845,Smallest_delta_t_and_filter_by_smallest_t_sub_(Chan's_method?),19
92,-0.3573151474610225,"[0.0574928801015342, 0.0499261637095588, 1.0, 0.0291711503795589, 0.0969676055558742, 0.0236844910093824, 0.0348281658542561, 0.0, 0.0297137704654161, 0.0075472212116673, 0.0079981311110343, 0.0564057887128527, 0.0001351050647952]",0.23068874258178013,Smallest_ratio_and_filter_by_smallest_t_sub,19
93,-0.4077159288262632,"[0.1207660435092614, 0.1067452265295458, 1.0, 0.0658022259137415, 0.187895972982257, 0.0542672256304205, 0.0773609640737464, 0.0, 0.0669252072420969, 0.0181885825817729, 0.0192460352622095, 0.1187781197674436, 0.0003341675032053]",0.16669380160460012,Smallest_ratio_and_filter_by_smallest_t_sub_without_square,19
94,-0.002457732796989763,"[0.5498627292790443, 0.7613911099998745, 0.1479629687808938, 0.0, 0.6019038274562558, 1.0, 0.8434707574039941, 0.4435327342452274, 0.4031071786296744, 0.2716151738598797, 0.2463363031517522, 0.8459078890966825, 0.4313190909220067]",0.9936421501271681,Smallest_t_sub_and_choose_top_3_delta_t,19
95,0.05912875755735547,"[0.090567557665143, 0.4329291561745582, 0.154029036891946, 0.4021167093540274, 0.6092031060400445, 1.0, 0.7991355930494851, 0.3390965117638329, 0.6987065271220884, 0.379743935577654, 0.9929916556862098, 0.0, 0.1374671519291471]",0.8478390855186582,Smallest_t_sub_and_filter_by_smallest_delta_t,19
96,-0.5701526460127454,"[0.725158360019106, 0.0611414614452801, 1.0, 0.0325375507518217, 0.2122126720746323, 0.0, 0.1479463377234059, 0.0823965518524364, 0.0615717155537213, 0.0644862914671703, 0.0585722328083079, 0.0255830731433627, 0.0381704621256615]",0.04190221778362728,Smallest_delta_t_and_choose_top_3_t_sub,20
97,-0.3388183677992599,"[0.1063301500425151, 0.0, 1.0, 0.0282025276155036, 0.0971118323462689, 0.0214170265111558, 0.0099769873142019, 0.034278186287485, 0.0286495666369859, 0.0211130942212947, 0.0338402870147041, 0.0425642161666535, 0.0303173404807643]",0.257448908702058,Smallest_delta_t_and_filter_by_smallest_t_sub_(Chan's_method?),20
98,-0.3478757270041902,"[0.0573655254097664, 0.0497977865779458, 1.0, 0.0290399687616248, 0.0968455848200912, 0.0377301437285984, 0.0346977486310379, 0.0042144190789733, 0.0637136760284665, 0.0043410293451603, 0.0324070005079921, 0.0562782871296866, 0.0]",0.24412478295746817,Smallest_ratio_and_filter_by_smallest_t_sub,20
99,-0.3883517254193013,"[0.1204721338782399, 0.1064466300309226, 1.0, 0.0654899430212806, 0.1876245034909234, 0.0831195558135894, 0.0770525450271284, 0.010265650133796, 0.1319156325838867, 0.0105693950396722, 0.0724101281577836, 0.1184835456148473, 0.0]",0.1897456725611095,Smallest_ratio_and_filter_by_smallest_t_sub_without_square,20
100,-0.002457732796989763,"[0.5498627292790443, 0.7613911099998745, 0.1479629687808938, 0.0, 0.6019038274562558, 1.0, 0.8434707574039941, 0.4435327342452274, 0.4031071786296744, 0.2716151738598797, 0.2463363031517522, 0.8459078890966825, 0.4313190909220067]",0.9936421501271681,Smallest_t_sub_and_choose_top_3_delta_t,20
101,0.05912875755735547,"[0.090567557665143, 0.4329291561745582, 0.154029036891946, 0.4021167093540274, 0.6092031060400445, 1.0, 0.7991355930494851, 0.3390965117638329, 0.6987065271220884, 0.379743935577654, 0.9929916556862098, 0.0, 0.1374671519291471]",0.8478390855186582,Smallest_t_sub_and_filter_by_smallest_delta_t,20
102,-0.5680078324492001,"[0.725158360019106, 0.0611414614452801, 1.0, 0.0325375507518217, 0.2122126720746323, 0.0, 0.3048848445220519, 0.0823965518524364, 0.0615717155537213, 0.0644862914671703, 0.0585722328083079, 0.0255830731433627, 0.0381704621256615]",0.0428558012818091,Smallest_delta_t_and_choose_top_3_t_sub,21
103,-0.38554711044116996,"[0.089442404203327, 0.0703602582383274, 1.0, 0.0420372137556353, 0.0800498872697152, 0.002924671040483, 0.0, 0.0160288691127894, 0.0102938850167542, 0.0026149953194613, 0.0155826948247752, 0.0244714807168779, 0.0119931749073056]",0.19324238027270532,Smallest_delta_t_and_filter_by_smallest_t_sub_(Chan's_method?),21
104,-0.5591256281593286,"[0.7209966866956409, 0.0497977865779458, 1.0, 0.0123290161352323, 0.0968455848200912, 0.0377301437285984, 0.1247972463967492, 0.0042144190789733, 0.0637136760284665, 0.0043410293451603, 0.0324070005079921, 0.0752497159916881, 0.0]",0.04697200657892817,Smallest_ratio_and_filter_by_smallest_t_sub,21
105,-0.581961295468463,"[0.811938203084413, 0.1064466300309226, 1.0, 0.0292275023774507, 0.1876245034909234, 0.0831195558135894, 0.2304039132226516, 0.010265650133796, 0.1319156325838867, 0.0105693950396722, 0.0724101281577836, 0.1520296083586684, 0.0]",0.03692460303589747,Smallest_ratio_and_filter_by_smallest_t_sub_without_square,21
106,-0.002457732796989763,"[0.5498627292790443, 0.7613911099998745, 0.1479629687808938, 0.0, 0.6019038274562558, 1.0, 0.8434707574039941, 0.4435327342452274, 0.4031071786296744, 0.2716151738598797, 0.2463363031517522, 0.8459078890966825, 0.4313190909220067]",0.9936421501271681,Smallest_t_sub_and_choose_top_3_delta_t,21
107,0.05912875755735547,"[0.090567557665143, 0.4329291561745582, 0.154029036891946, 0.4021167093540274, 0.6092031060400445, 1.0, 0.7991355930494851, 0.3390965117638329, 0.6987065271220884, 0.379743935577654, 0.9929916556862098, 0.0, 0.1374671519291471]",0.8478390855186582,Smallest_t_sub_and_filter_by_smallest_delta_t,21
108,-0.5680078324492001,"[0.725158360019106, 0.0611414614452801, 1.0, 0.0325375507518217, 0.2122126720746323, 0.0, 0.3048848445220519, 0.0823965518524364, 0.0615717155537213, 0.0644862914671703, 0.0585722328083079, 0.0255830731433627, 0.0381704621256615]",0.0428558012818091,Smallest_delta_t_and_choose_top_3_t_sub,22
109,-0.38554711044116996,"[0.089442404203327, 0.0703602582383274, 1.0, 0.0420372137556353, 0.0800498872697152, 0.002924671040483, 0.0, 0.0160288691127894, 0.0102938850167542, 0.0026149953194613, 0.0155826948247752, 0.0244714807168779, 0.0119931749073056]",0.19324238027270532,Smallest_delta_t_and_filter_by_smallest_t_sub_(Chan's_method?),22
110,-0.5781865204243698,"[0.7229419688377777, 0.0564228383570711, 1.0, 0.0834545592082436, 0.1031426073702321, 0.0444393341864171, 0.1174569098899561, 0.0111572897030579, 0.0702417026829815, 0.0190031440592527, 0.0352264488870485, 0.0816973104381921, 0.0]",0.038466323759701423,Smallest_ratio_and_filter_by_smallest_t_sub,22
111,-0.6208505464604264,"[0.8152324651357322, 0.1220989262750073, 1.0, 0.1698437020905351, 0.2018548140242892, 0.0991804703768799, 0.2239385838662822, 0.0276027401920973, 0.1471217905374134, 0.0457542200566461, 0.0806616229735051, 0.1668834315574349, 0.0]",0.02354643110679567,Smallest_ratio_and_filter_by_smallest_t_sub_without_square,22
112,-0.002457732796989763,"[0.5498627292790443, 0.7613911099998745, 0.1479629687808938, 0.0, 0.6019038274562558, 1.0, 0.8434707574039941, 0.4435327342452274, 0.4031071786296744, 0.2716151738598797, 0.2463363031517522, 0.8459078890966825, 0.4313190909220067]",0.9936421501271681,Smallest_t_sub_and_choose_top_3_delta_t,22
113,0.05912875755735547,"[0.090567557665143, 0.4329291561745582, 0.154029036891946, 0.4021167093540274, 0.6092031060400445, 1.0, 0.7991355930494851, 0.3390965117638329, 0.6987065271220884, 0.379743935577654, 0.9929916556862098, 0.0, 0.1374671519291471]",0.8478390855186582,Smallest_t_sub_and_filter_by_smallest_delta_t,22
114,-0.5680078324492001,"[0.725158360019106, 0.0611414614452801, 1.0, 0.0325375507518217, 0.2122126720746323, 0.0, 0.3048848445220519, 0.0823965518524364, 0.0615717155537213, 0.0644862914671703, 0.0585722328083079, 0.0255830731433627, 0.0381704621256615]",0.0428558012818091,Smallest_delta_t_and_choose_top_3_t_sub,23
115,-0.38554711044116996,"[0.089442404203327, 0.0703602582383274, 1.0, 0.0420372137556353, 0.0800498872697152, 0.002924671040483, 0.0, 0.0160288691127894, 0.0102938850167542, 0.0026149953194613, 0.0155826948247752, 0.0244714807168779, 0.0119931749073056]",0.19324238027270532,Smallest_delta_t_and_filter_by_smallest_t_sub_(Chan's_method?),23
116,-0.6032374246242221,"[0.7229419688377777, 0.1252244408126323, 1.0, 0.0834545592082436, 0.1031426073702321, 0.0406887109300033, 0.2992792634291867, 0.0111572897030579, 0.0702417026829815, 0.0190031440592527, 0.0352264488870485, 0.0816973104381921, 0.0]",0.02906200734815003,Smallest_ratio_and_filter_by_smallest_t_sub,23
117,-0.6527197692700138,"[0.8152324651357322, 0.2355522199040979, 1.0, 0.1698437020905351, 0.2018548140242892, 0.0917428373704407, 0.4509828276572907, 0.0276027401920973, 0.1471217905374134, 0.0457542200566461, 0.0806616229735051, 0.1668834315574349, 0.0]",0.015586703941716937,Smallest_ratio_and_filter_by_smallest_t_sub_without_square,23
118,-0.002457732796989763,"[0.5498627292790443, 0.7613911099998745, 0.1479629687808938, 0.0, 0.6019038274562558, 1.0, 0.8434707574039941, 0.4435327342452274, 0.4031071786296744, 0.2716151738598797, 0.2463363031517522, 0.8459078890966825, 0.4313190909220067]",0.9936421501271681,Smallest_t_sub_and_choose_top_3_delta_t,23
119,0.05912875755735547,"[0.090567557665143, 0.4329291561745582, 0.154029036891946, 0.4021167093540274, 0.6092031060400445, 1.0, 0.7991355930494851, 0.3390965117638329, 0.6987065271220884, 0.379743935577654, 0.9929916556862098, 0.0, 0.1374671519291471]",0.8478390855186582,Smallest_t_sub_and_filter_by_smallest_delta_t,23
120,-0.7019042318940755,"[0.7159149275566454, 0.376360359258144, 1.0, 0.0, 0.5430603048641831, 0.2353917963151157, 0.281506836758236, 0.0882383278648494, 0.0300106374407216, 0.0330232359304241, 0.0269102765453252, 0.1217835024478182, 0.0501871464539357]",0.007487073017510532,Smallest_delta_t_and_choose_top_3_t_sub,24
121,-0.5775851269026216,"[0.7278570724717319, 0.0703602582383274, 1.0, 0.0420372137556353, 0.0800498872697152, 0.002924671040483, 0.0, 0.0410030692466559, 0.0102938850167542, 0.0026149953194613, 0.0155826948247752, 0.0351510232354238, 0.0119931749073056]",0.038716193296003426,Smallest_delta_t_and_filter_by_smallest_t_sub_(Chan's_method?),24
122,-0.5907023811385528,"[0.7229419688377777, 0.1252244408126323, 1.0, 0.0834545592082436, 0.1031426073702321, 0.1016502845923681, 0.2992792634291867, 0.0779359511113147, 0.0702417026829815, 0.0661613480277008, 0.1218599938342658, 0.0766136447319184, 0.0]",0.033527543908349215,Smallest_ratio_and_filter_by_smallest_t_sub,24
123,-0.636258990851604,"[0.8152324651357322, 0.2355522199040979, 1.0, 0.1698437020905351, 0.2018548140242892, 0.1994980456556459, 0.4509828276572907, 0.1604852225162808, 0.1471217905374134, 0.1398760915754802, 0.2305521550400873, 0.1582154257994305, 0.0]",0.019393031076306695,Smallest_ratio_and_filter_by_smallest_t_sub_without_square,24
124,-0.002457732796989763,"[0.5498627292790443, 0.7613911099998745, 0.1479629687808938, 0.0, 0.6019038274562558, 1.0, 0.8434707574039941, 0.4435327342452274, 0.4031071786296744, 0.2716151738598797, 0.2463363031517522, 0.8459078890966825, 0.4313190909220067]",0.9936421501271681,Smallest_t_sub_and_choose_top_3_delta_t,24
125,0.05912875755735547,"[0.090567557665143, 0.4329291561745582, 0.154029036891946, 0.4021167093540274, 0.6092031060400445, 1.0, 0.7991355930494851, 0.3390965117638329, 0.6987065271220884, 0.379743935577654, 0.9929916556862098, 0.0, 0.1374671519291471]",0.8478390855186582,Smallest_t_sub_and_filter_by_smallest_delta_t,24
126,-0.6716591603258679,"[0.7159149275566454, 0.376360359258144, 1.0, 0.0, 0.5430603048641831, 0.2353917963151157, 0.281506836758236, 0.0882383278648494, 0.0300106374407216, 0.0330232359304241, 0.1961887605741155, 0.1217835024478182, 0.0501871464539357]",0.011933266788669461,Smallest_delta_t_and_choose_top_3_t_sub,25
127,-0.5842312020004479,"[0.7278570724717319, 0.0703602582383274, 1.0, 0.0420372137556353, 0.2199480773503424, 0.002924671040483, 0.0, 0.0410030692466559, 0.0707862876153184, 0.0187682770522027, 0.0486063038318088, 0.0351510232354238, 0.0119931749073056]",0.036019423183202295,Smallest_delta_t_and_filter_by_smallest_t_sub_(Chan's_method?),25
128,-0.6052445061323593,"[0.7181682140191687, 0.1101519160301726, 1.0, 0.0899156346304518, 0.1921765944283135, 0.0861715732742609, 0.2872057314739062, 0.0297579345249772, 0.1214739252411638, 0.050071156575911, 0.1067294990846208, 0.0607035480478132, 0.0]",0.028389805572380362,Smallest_ratio_and_filter_by_smallest_t_sub,25
129,-0.6508421236951436,"[0.8073197282224319, 0.2028144655561872, 1.0, 0.1712577980809055, 0.3160673423399496, 0.1652162581762445, 0.4274709674767492, 0.0641801611168209, 0.2197369209688505, 0.1030409722175114, 0.1976002710949645, 0.1221656951028725, 0.0]",0.015989903216865102,Smallest_ratio_and_filter_by_smallest_t_sub_without_square,25
130,-0.002457732796989763,"[0.5498627292790443, 0.7613911099998745, 0.1479629687808938, 0.0, 0.6019038274562558, 1.0, 0.8434707574039941, 0.4435327342452274, 0.4031071786296744, 0.2716151738598797, 0.2463363031517522, 0.8459078890966825, 0.4313190909220067]",0.9936421501271681,Smallest_t_sub_and_choose_top_3_delta_t,25
131,0.05912875755735547,"[0.090567557665143, 0.4329291561745582, 0.154029036891946, 0.4021167093540274, 0.6092031060400445, 1.0, 0.7991355930494851, 0.3390965117638329, 0.6987065271220884, 0.379743935577654, 0.9929916556862098, 0.0, 0.1374671519291471]",0.8478390855186582,Smallest_t_sub_and_filter_by_smallest_delta_t,25
132,-0.6716591603258679,"[0.7159149275566454, 0.376360359258144, 1.0, 0.0, 0.5430603048641831, 0.2353917963151157, 0.281506836758236, 0.0882383278648494, 0.0300106374407216, 0.0330232359304241, 0.1961887605741155, 0.1217835024478182, 0.0501871464539357]",0.011933266788669461,Smallest_delta_t_and_choose_top_3_t_sub,26
133,-0.5842312020004479,"[0.7278570724717319, 0.0703602582383274, 1.0, 0.0420372137556353, 0.2199480773503424, 0.002924671040483, 0.0, 0.0410030692466559, 0.0707862876153184, 0.0187682770522027, 0.0486063038318088, 0.0351510232354238, 0.0119931749073056]",0.036019423183202295,Smallest_delta_t_and_filter_by_smallest_t_sub_(Chan's_method?),26
134,-0.6052445061323593,"[0.7181682140191687, 0.1101519160301726, 1.0, 0.0899156346304518, 0.1921765944283135, 0.0861715732742609, 0.2872057314739062, 0.0297579345249772, 0.1214739252411638, 0.050071156575911, 0.1067294990846208, 0.0607035480478132, 0.0]",0.028389805572380362,Smallest_ratio_and_filter_by_smallest_t_sub,26
135,-0.6508421236951436,"[0.8073197282224319, 0.2028144655561872, 1.0, 0.1712577980809055, 0.3160673423399496, 0.1652162581762445, 0.4274709674767492, 0.0641801611168209, 0.2197369209688505, 0.1030409722175114, 0.1976002710949645, 0.1221656951028725, 0.0]",0.015989903216865102,Smallest_ratio_and_filter_by_smallest_t_sub_without_square,26
136,-0.002457732796989763,"[0.5498627292790443, 0.7613911099998745, 0.1479629687808938, 0.0, 0.6019038274562558, 1.0, 0.8434707574039941, 0.4435327342452274, 0.4031071786296744, 0.2716151738598797, 0.2463363031517522, 0.8459078890966825, 0.4313190909220067]",0.9936421501271681,Smallest_t_sub_and_choose_top_3_delta_t,26
137,0.05912875755735547,"[0.090567557665143, 0.4329291561745582, 0.154029036891946, 0.4021167093540274, 0.6092031060400445, 1.0, 0.7991355930494851, 0.3390965117638329, 0.6987065271220884, 0.379743935577654, 0.9929916556862098, 0.0, 0.1374671519291471]",0.8478390855186582,Smallest_t_sub_and_filter_by_smallest_delta_t,26
138,-0.08849038227715403,"[0.0808255503824077, 0.0396004646241899, 0.1153161229368942, 0.00882101785811, 0.0598393899549127, 0.0569766158145923, 1.0, 0.0046197676701183, 0.0345478233470387, 0.0152197966998089, 0.017725955192131, 0.0086924641615452, 0.0]",0.7737510822853352,Smallest_delta_t_and_choose_top_3_t_sub,27
139,-0.5932263078746788,"[0.725158360019106, 0.0611414614452801, 1.0, 0.0325375507518217, 0.2122126720746323, 0.0, 0.1479463377234059, 0.0823965518524364, 0.0615717155537213, 0.0090378670294926, 0.0391717833814027, 0.0255830731433627, 0.0021955794071248]",0.03259062447282047,Smallest_delta_t_and_filter_by_smallest_t_sub_(Chan's_method?),27
140,-0.737676853559844,"[0.704804175404024, 0.3519694068535107, 1.0, 0.0388365524693372, 0.5251890958714586, 0.1933886425100602, 0.2534061013289783, 0.1899393579177968, 0.0798155425763809, 0.0349808256262852, 0.0448709681936113, 0.0214494658041621, 0.0]",0.004000050367230668,Smallest_ratio_and_filter_by_smallest_t_sub,27
141,-0.7823476187657254,"[0.7872930519096109, 0.4748017901050058, 1.0, 0.0715655304706379, 0.6388391122987304, 0.296043246336957, 0.3679638186220287, 0.2917150731629253, 0.1386384463899854, 0.0648554577358905, 0.0819157791910028, 0.0406662847648156, 0.0]",0.0015733414972280246,Smallest_ratio_and_filter_by_smallest_t_sub_without_square,27
142,-0.002457732796989763,"[0.5498627292790443, 0.7613911099998745, 0.1479629687808938, 0.0, 0.6019038274562558, 1.0, 0.8434707574039941, 0.4435327342452274, 0.4031071786296744, 0.2716151738598797, 0.2463363031517522, 0.8459078890966825, 0.4313190909220067]",0.9936421501271681,Smallest_t_sub_and_choose_top_3_delta_t,27
143,0.05912875755735547,"[0.090567557665143, 0.4329291561745582, 0.154029036891946, 0.4021167093540274, 0.6092031060400445, 1.0, 0.7991355930494851, 0.3390965117638329, 0.6987065271220884, 0.379743935577654, 0.9929916556862098, 0.0, 0.1374671519291471]",0.8478390855186582,Smallest_t_sub_and_filter_by_smallest_delta_t,27
144,-0.08849038227715403,"[0.0808255503824077, 0.0396004646241899, 0.1153161229368942, 0.00882101785811, 0.0598393899549127, 0.0569766158145923, 1.0, 0.0046197676701183, 0.0345478233470387, 0.0152197966998089, 0.017725955192131, 0.0086924641615452, 0.0]",0.7737510822853352,Smallest_delta_t_and_choose_top_3_t_sub,28
145,-0.5932263078746788,"[0.725158360019106, 0.0611414614452801, 1.0, 0.0325375507518217, 0.2122126720746323, 0.0, 0.1479463377234059, 0.0823965518524364, 0.0615717155537213, 0.0090378670294926, 0.0391717833814027, 0.0255830731433627, 0.0021955794071248]",0.03259062447282047,Smallest_delta_t_and_filter_by_smallest_t_sub_(Chan's_method?),28
146,-0.7493084181860289,"[0.704804175404024, 0.3519694068535107, 1.0, 0.0722885460566537, 0.5251890958714586, 0.1933886425100602, 0.2534061013289783, 0.1899393579177968, 0.0798155425763809, 0.0349808256262852, 0.0448709681936113, 0.0214494658041621, 0.0]",0.003194422803531207,Smallest_ratio_and_filter_by_smallest_t_sub,28
147,-0.8020458979658783,"[0.7872930519096109, 0.4748017901050058, 1.0, 0.126844177055426, 0.6388391122987304, 0.296043246336957, 0.3679638186220287, 0.2917150731629253, 0.1386384463899854, 0.0648554577358905, 0.0819157791910028, 0.0406662847648156, 0.0]",0.0009725735357973287,Smallest_ratio_and_filter_by_smallest_t_sub_without_square,28
148,-0.002457732796989763,"[0.5498627292790443, 0.7613911099998745, 0.1479629687808938, 0.0, 0.6019038274562558, 1.0, 0.8434707574039941, 0.4435327342452274, 0.4031071786296744, 0.2716151738598797, 0.2463363031517522, 0.8459078890966825, 0.4313190909220067]",0.9936421501271681,Smallest_t_sub_and_choose_top_3_delta_t,28
149,0.05912875755735547,"[0.090567557665143, 0.4329291561745582, 0.154029036891946, 0.4021167093540274, 0.6092031060400445, 1.0, 0.7991355930494851, 0.3390965117638329, 0.6987065271220884, 0.379743935577654, 0.9929916556862098, 0.0, 0.1374671519291471]",0.8478390855186582,Smallest_t_sub_and_filter_by_smallest_delta_t,28
150,-0.08849038227715403,"[0.0808255503824077, 0.0396004646241899, 0.1153161229368942, 0.00882101785811, 0.0598393899549127, 0.0569766158145923, 1.0, 0.0046197676701183, 0.0345478233470387, 0.0152197966998089, 0.017725955192131, 0.0086924641615452, 0.0]",0.7737510822853352,Smallest_delta_t_and_choose_top_3_t_sub,29
151,-0.5932263078746788,"[0.725158360019106, 0.0611414614452801, 1.0, 0.0325375507518217, 0.2122126720746323, 0.0, 0.1479463377234059, 0.0823965518524364, 0.0615717155537213, 0.0090378670294926, 0.0391717833814027, 0.0255830731433627, 0.0021955794071248]",0.03259062447282047,Smallest_delta_t_and_filter_by_smallest_t_sub_(Chan's_method?),29
152,-0.5846771760491013,"[0.6983335921035855, 0.0761121218744314, 1.0, 0.0519534540893901, 0.5147814164561917, 0.1757080198696083, 0.2370410391890855, 0.1163221023583454, 0.0596454395890585, 0.0138279622250097, 0.1464428343987643, 0.0, 0.1285995736520007]",0.03584349600508706,Smallest_ratio_and_filter_by_smallest_t_sub,29
153,-0.5915808310346881,"[0.7782763758717234, 0.1277258544692978, 1.0, 0.0898309846949177, 0.623529453863998, 0.2662024252004265, 0.3411717201839142, 0.1866525741817695, 0.1021252146873119, 0.0252145552553053, 0.227980788405479, 0.0, 0.2037617028533287]",0.03319924839724572,Smallest_ratio_and_filter_by_smallest_t_sub_without_square,29
154,-0.002457732796989763,"[0.5498627292790443, 0.7613911099998745, 0.1479629687808938, 0.0, 0.6019038274562558, 1.0, 0.8434707574039941, 0.4435327342452274, 0.4031071786296744, 0.2716151738598797, 0.2463363031517522, 0.8459078890966825, 0.4313190909220067]",0.9936421501271681,Smallest_t_sub_and_choose_top_3_delta_t,29
155,0.05912875755735547,"[0.090567557665143, 0.4329291561745582, 0.154029036891946, 0.4021167093540274, 0.6092031060400445, 1.0, 0.7991355930494851, 0.3390965117638329, 0.6987065271220884, 0.379743935577654, 0.9929916556862098, 0.0, 0.1374671519291471]",0.8478390855186582,Smallest_t_sub_and_filter_by_smallest_delta_t,29
156,-0.06596901576017611,"[0.0765594696751359, 0.035143049678807, 0.1112101201845945, 0.00422074906808, 0.0554759080914658, 0.0525998472181053, 1.0, 0.0, 0.0300669580376012, 0.0106492259795827, 0.013167016077198, 0.0040915987269447, 0.0434958576514061]",0.8304537302990276,Smallest_delta_t_and_choose_top_3_t_sub,30
157,-0.578802544344175,"[0.725158360019106, 0.0611414614452801, 1.0, 0.0325375507518217, 0.2122126720746323, 0.0, 0.3048848445220519, 0.0823965518524364, 0.0615717155537213, 0.0090378670294926, 0.0391717833814027, 0.0255830731433627, 0.0381704621256615]",0.03821159048788676,Smallest_delta_t_and_filter_by_smallest_t_sub_(Chan's_method?),30
158,-0.0758331250660711,"[0.078463066665768, 0.0071394681905842, 0.1130422876983225, 0.0043702241139356, 0.0574229671168089, 0.0185558820854105, 1.0, 0.0218353851886512, 0.0034134439776754, 0.0, 0.0062961189172834, 0.0016388076305494, 0.0131559657154771]",0.8055093363020657,Smallest_ratio_and_filter_by_smallest_t_sub,30
159,-0.1813520265457773,"[0.1993864451593142, 0.0271416807749065, 0.2580916988483009, 0.0171083433154347, 0.1584144587515978, 0.0638058037194632, 1.0, 0.0732752350908735, 0.0135070365308998, 0.0, 0.0241439998287024, 0.0066214440332865, 0.0472735173637736]",0.5532207980273319,Smallest_ratio_and_filter_by_smallest_t_sub_without_square,30
160,-0.002457732796989763,"[0.5498627292790443, 0.7613911099998745, 0.1479629687808938, 0.0, 0.6019038274562558, 1.0, 0.8434707574039941, 0.4435327342452274, 0.4031071786296744, 0.2716151738598797, 0.2463363031517522, 0.8459078890966825, 0.4313190909220067]",0.9936421501271681,Smallest_t_sub_and_choose_top_3_delta_t,30
161,0.05912875755735547,"[0.090567557665143, 0.4329291561745582, 0.154029036891946, 0.4021167093540274, 0.6092031060400445, 1.0, 0.7991355930494851, 0.3390965117638329, 0.6987065271220884, 0.379743935577654, 0.9929916556862098, 0.0, 0.1374671519291471]",0.8478390855186582,Smallest_t_sub_and_filter_by_smallest_delta_t,30
162,-0.06001680849858156,"[0.0765594696751359, 0.035143049678807, 0.1112101201845945, 0.00422074906808, 0.0554759080914658, 0.0525998472181053, 1.0, 0.0, 0.0300669580376012, 0.0106492259795827, 0.013167016077198, 0.0193315639573061, 0.0434958576514061]",0.8455782486913401,Smallest_delta_t_and_choose_top_3_t_sub,31
163,-0.5427702011367815,"[0.725158360019106, 0.0611414614452801, 1.0, 0.0325375507518217, 0.2122126720746323, 0.0, 0.3048848445220519, 0.0823965518524364, 0.0615717155537213, 0.0090378670294926, 0.0391717833814027, 0.1503585163080094, 0.0381704621256615]",0.0552818409660151,Smallest_delta_t_and_filter_by_smallest_t_sub_(Chan's_method?),31
164,-0.07746710124782566,"[0.0833495474426121, 0.0098183101093189, 0.1177454109853669, 0.0096495846959561, 0.0624210137335774, 0.0237600227359479, 1.0, 0.0270221361629946, 0.008697877918749, 0.0053025338432873, 0.0115652673769305, 0.0, 0.018388739605317]",0.8013930189557399,Smallest_ratio_and_filter_by_smallest_t_sub,31
165,-0.18843562281191711,"[0.2179565218229401, 0.0405225457966721, 0.2753001184990387, 0.0399063253210012, 0.1779348727209713, 0.0855206471565452, 1.0, 0.0947704368975274, 0.0363885501512806, 0.0231948067221033, 0.0467787911412806, 0.0, 0.0693718239875503]",0.5375515461369235,Smallest_ratio_and_filter_by_smallest_t_sub_without_square,31
166,-0.002457732796989763,"[0.5498627292790443, 0.7613911099998745, 0.1479629687808938, 0.0, 0.6019038274562558, 1.0, 0.8434707574039941, 0.4435327342452274, 0.4031071786296744, 0.2716151738598797, 0.2463363031517522, 0.8459078890966825, 0.4313190909220067]",0.9936421501271681,Smallest_t_sub_and_choose_top_3_delta_t,31
167,0.05912875755735547,"[0.090567557665143, 0.4329291561745582, 0.154029036891946, 0.4021167093540274, 0.6092031060400445, 1.0, 0.7991355930494851, 0.3390965117638329, 0.6987065271220884, 0.379743935577654, 0.9929916556862098, 0.0, 0.1374671519291471]",0.8478390855186582,Smallest_t_sub_and_filter_by_smallest_delta_t,31
168,-0.06904176590610088,"[0.0765594696751359, 0.035143049678807, 0.1112101201845945, 0.0657965518317563, 0.0554759080914658, 0.0525998472181053, 1.0, 0.0, 0.0300669580376012, 0.0257377183197255, 0.0215043284649773, 0.0193315639573061, 0.0434958576514061]",0.8226665698788793,Smallest_delta_t_and_choose_top_3_t_sub,32
169,-0.5540484142522046,"[0.725158360019106, 0.0611414614452801, 1.0, 0.0325375507518217, 0.5579280033851867, 0.0, 0.3048848445220519, 0.0823965518524364, 0.0615717155537213, 0.0644862914671703, 0.0585722328083079, 0.1503585163080094, 0.0381704621256615]",0.04944849415461336,Smallest_delta_t_and_filter_by_smallest_t_sub_(Chan's_method?),32
170,-0.09561500466373035,"[0.0797299274768871, 0.0533264878855439, 0.1142616115541438, 0.0057389422844486, 0.0587187523004804, 0.0558525658362831, 1.0, 0.0231800935475927, 0.0104992912834362, 0.0091072811015649, 0.0076621895100765, 0.0, 0.0143103822410659]",0.7560131649481402,Smallest_ratio_and_filter_by_smallest_t_sub,32
171,-0.23566575697715125,"[0.2039886417326898, 0.1519224488855363, 0.2623564378358873, 0.0227583358580831, 0.1632521761131363, 0.1572814573287999, 1.0, 0.0786023614076091, 0.0396102944739906, 0.0348386404189031, 0.0297535490462272, 0.0, 0.052108121275085]",0.43827891646638306,Smallest_ratio_and_filter_by_smallest_t_sub_without_square,32
172,-0.002457732796989763,"[0.5498627292790443, 0.7613911099998745, 0.1479629687808938, 0.0, 0.6019038274562558, 1.0, 0.8434707574039941, 0.4435327342452274, 0.4031071786296744, 0.2716151738598797, 0.2463363031517522, 0.8459078890966825, 0.4313190909220067]",0.9936421501271681,Smallest_t_sub_and_choose_top_3_delta_t,32
173,0.05912875755735547,"[0.090567557665143, 0.4329291561745582, 0.154029036891946, 0.4021167093540274, 0.6092031060400445, 1.0, 0.7991355930494851, 0.3390965117638329, 0.6987065271220884, 0.379743935577654, 0.9929916556862098, 0.0, 0.1374671519291471]",0.8478390855186582,Smallest_t_sub_and_filter_by_smallest_delta_t,32
