method,r_names_used,distributive,weights_on_harmonics,weights_on_regions,normed_column,harmonics_considered,correlation,p_value,final_ranking_correlate,cleaned_method_name
Experimental_methods ,all_ranges,True,True,True,normed_values_normed_weighted_modulations,2,0.887170280506469,5.2480743403727885e-05,"[0.0, 0.0, 0.0, 0.0, 0.0, 0.22580645161290314, 0.0, 0.45161290322580633, 0.8602150537634407, 1.0, 0.7956989247311826, 1.0, 0.7956989247311826]",Method E
Experimental_methods ,all_ranges,True,True,True,normed_values_normed_weighted_modulations,3,0.903150474431268,2.338705435074073e-05,"[0.0, 0.0, 0.0, 0.125, 0.21875, 0.44196428571428586, 0.2125, 0.6124999999999999, 1.0, 0.9723214285714288, 0.8187499999999999, 0.8598214285714285, 0.7721590909090909]",Method E
Experimental_methods ,all_ranges,True,True,True,normed_values_normed_weighted_modulations,4,0.9161948783339416,1.0829334536017327e-05,"[0.0, 0.0, 0.06849315068493153, 0.1552511415525114, 0.228310502283105, 0.391906786332861, 0.2031963470319635, 0.5871020203915683, 1.0, 0.8765548732483076, 0.7938950397197725, 0.8825381829633131, 0.8022562449637392]",Method E
Experimental_methods ,all_ranges,True,True,True,normed_values_normed_weighted_modulations,5,0.8772486995080653,8.179400047970893e-05,"[0.0, 0.01986123209400906, 0.11665631331368023, 0.18318264265859469, 0.1518729408417652, 0.2858140629406891, 0.15276409493383497, 0.5304096959710197, 1.0, 0.8396906151489979, 0.7748191386930585, 0.7308088997576209, 0.7181934386814437]",Method E
Experimental_methods ,all_ranges,True,True,True,normed_values_normed_weighted_modulations,6,0.875810381962148,8.695578328491845e-05,"[0.02816911025807649, 0.0, 0.1413188191357587, 0.216366158113731, 0.21194082034821873, 0.3838713956126979, 0.20722720097814706, 0.5814134124798697, 1.0, 0.8365882537180135, 0.767026956390121, 0.693083894035454, 0.7148201118837054]",Method E
Experimental_methods ,all_ranges,True,True,True,normed_values_normed_weighted_modulations,7,0.8758773787752189,8.670970377716342e-05,"[0.0597820688143987, 0.0, 0.09332707568687472, 0.1863151656176436, 0.20847354348484504, 0.38175308291136417, 0.19219154295964577, 0.544676859747401, 1.0, 0.7570313795348769, 0.7169227399773391, 0.6990321881107958, 0.7175825408808916]",Method E
Experimental_methods ,all_ranges,True,True,True,normed_values_normed_weighted_modulations,8,0.8759358216691864,8.64954981724973e-05,"[0.05826741021618883, 0.0, 0.10775970198297205, 0.18835291831878348, 0.21942841293762985, 0.3696576578678933, 0.2072130782763586, 0.5495993034983947, 1.0, 0.7082718141277734, 0.7068304578969555, 0.7054736357026261, 0.7007049624174895]",Method E
Experimental_methods ,all_ranges,True,True,True,normed_values_normed_weighted_modulations,9,0.8936736357587548,3.835393171872714e-05,"[0.05999864998210559, 0.0, 0.09536136929096306, 0.17399054797491526, 0.2779138614419261, 0.3789734368312422, 0.27257625435367533, 0.5728900074370818, 1.0, 0.7041692391131283, 0.7072453929812124, 0.7000567228265755, 0.7536759830180814]",Method E
Experimental_methods ,all_ranges,True,True,True,normed_values_normed_weighted_modulations,10,0.881097460564705,6.917775353845913e-05,"[0.08694371880798953, 0.0, 0.08787630744040831, 0.1904934214510949, 0.274604301680809, 0.3491611446731482, 0.25738403764330703, 0.5475892884269283, 1.0, 0.7275278072325548, 0.7134306028946682, 0.6646560049670699, 0.7383177530523019]",Method E
Experimental_methods ,all_ranges,True,True,True,normed_values_normed_weighted_modulations,11,0.8871321741997855,5.257431464103664e-05,"[0.10013060240819287, 0.0, 0.08876431171041199, 0.17809768932106237, 0.2846678625269275, 0.3405455597669274, 0.2593118309918304, 0.5719099104296574, 1.0, 0.735923236702946, 0.7542058060994373, 0.6901562447318195, 0.7497304900546329]",Method E
Experimental_methods ,all_ranges,True,True,True,normed_values_normed_weighted_modulations,12,0.8864322934077604,5.431682947486664e-05,"[0.09646048802199474, 0.0, 0.11098166409313988, 0.20081090400727863, 0.33091334632458547, 0.3806327867761192, 0.2826865248598131, 0.5928846725911899, 1.0, 0.7095791967861311, 0.7567214895272313, 0.6649525911013969, 0.7654615288883254]",Method E
Experimental_methods ,all_ranges,True,True,True,normed_values_normed_weighted_modulations,13,0.8891397807448316,4.7823228349992e-05,"[0.11987372887784621, 0.0, 0.12276148011472388, 0.20606559275250913, 0.3375121232436109, 0.37288099467901326, 0.27749910169947567, 0.59207841089267, 1.0, 0.7432036341335204, 0.7805051282132299, 0.6754536619310554, 0.7909633834557809]",Method E
Experimental_methods ,all_ranges,True,True,True,normed_values_normed_weighted_modulations,14,0.8828290791230027,6.403600464390457e-05,"[0.13036978929099707, 0.0, 0.1291054717438805, 0.21088424888014234, 0.34486400886246205, 0.37196003038406494, 0.2661711708703378, 0.5782052217799043, 1.0, 0.7217795938730294, 0.7907543907822413, 0.6689155022103181, 0.7795866486526993]",Method E
Experimental_methods ,all_ranges,True,True,True,normed_values_normed_weighted_modulations,15,0.8772732363588979,8.170812257869566e-05,"[0.1613968207998418, 0.0, 0.13174766641159927, 0.2416802995008714, 0.34970535901518107, 0.369648521921355, 0.28146966695798314, 0.5933182643167048, 1.0, 0.735390498908674, 0.8030945297044405, 0.6487309764492378, 0.7944871386082816]",Method E
Experimental_methods ,all_ranges,True,True,True,normed_values_normed_weighted_modulations,16,0.8762106853964602,8.549373532713192e-05,"[0.18456194343730373, 0.0, 0.1422326388255863, 0.23826876069064062, 0.36388939418579636, 0.39298370559221096, 0.2812089145581146, 0.5994073992527659, 1.0, 0.7249404889432622, 0.8139089164936578, 0.6594286504381015, 0.8057102059793909]",Method E
Experimental_methods ,all_ranges,True,True,True,normed_values_normed_weighted_modulations,17,0.875287606773277,8.8895192286102e-05,"[0.19608141521369027, 0.0, 0.14544344266293394, 0.24508336717583012, 0.37655416787690027, 0.39329525033513835, 0.2839450115782127, 0.6156969582699935, 1.0, 0.7454781019668512, 0.8294542777958414, 0.6533304826372497, 0.824121094792936]",Method E
Experimental_methods ,all_ranges,True,True,True,normed_values_normed_weighted_modulations,18,0.8788979873383725,7.618003012279611e-05,"[0.21038412670546539, 0.0, 0.14727507839679657, 0.25308280494324337, 0.3947734353352843, 0.40217968678041444, 0.3045466320159272, 0.6269328883447282, 1.0, 0.7468117390145881, 0.8417923295769482, 0.6690427918163533, 0.8333117717708981]",Method E
Experimental_methods ,all_ranges,True,True,True,normed_values_normed_weighted_modulations,19,0.8736420541972234,9.522694946880571e-05,"[0.20186812343252758, 0.0, 0.14269380550294009, 0.24466167198296104, 0.3838184373317112, 0.40194814755953967, 0.27787831286764425, 0.6164577542536966, 1.0, 0.7405703662867121, 0.8350417498810484, 0.6526911064884424, 0.8302010274910028]",Method E
Experimental_methods ,all_ranges,True,True,True,normed_values_normed_weighted_modulations,20,0.8726864659505547,9.906616564274686e-05,"[0.21697962185125055, 0.0, 0.14590431785819305, 0.2557377336722065, 0.3863391511496359, 0.387467377773048, 0.2915779019925147, 0.6263957021484119, 1.0, 0.7485998015123708, 0.8370728688286986, 0.6495913334084362, 0.8392636429767084]",Method E
Experimental_methods ,all_ranges,True,True,True,normed_values_normed_weighted_modulations,21,0.8663456121327908,0.0001277918864489,"[0.23894728001884624, 0.0, 0.15178301197412566, 0.26027741366460405, 0.3924014164870252, 0.399184089517567, 0.29433250440305164, 0.6310082260281777, 1.0, 0.7313189440956775, 0.8373507669666553, 0.64505836202615, 0.8393955868748653]",Method E
Experimental_methods ,all_ranges,True,True,True,normed_values_normed_weighted_modulations,22,0.8688997123398237,0.0001155155931553,"[0.23955967022346847, 0.0, 0.15036351394401806, 0.2601735945600298, 0.4028886004713687, 0.4039455144156846, 0.29642315292808674, 0.6548419758720879, 1.0, 0.7454621366316277, 0.862520803024541, 0.645518245093113, 0.8607696284476569]",Method E
Experimental_methods ,all_ranges,True,True,True,normed_values_normed_weighted_modulations,23,0.8591729406894292,0.0001679223395878,"[0.26441742883540786, 0.0, 0.15224300217026818, 0.26099589687931907, 0.39771887834263836, 0.3906242730371778, 0.30150068458397244, 0.6512805444188188, 1.0, 0.7209981142278249, 0.8505312422942861, 0.6271453538607711, 0.8623124601220067]",Method E
Experimental_methods ,all_ranges,True,True,True,normed_values_normed_weighted_modulations,24,0.853277264986269,0.0002079270664857,"[0.2712477103038183, 0.0, 0.17049899825179987, 0.27459668762811146, 0.40966778217153743, 0.3983322322390832, 0.3113305010362751, 0.6658626950011204, 1.0, 0.71382980955848, 0.8534671600293146, 0.6186570407954092, 0.8555639419182055]",Method E
Experimental_methods ,all_ranges,True,True,True,normed_values_normed_weighted_modulations,25,0.8470510079262714,0.0002580592286778,"[0.2731346213851678, 0.0, 0.160874858236697, 0.27319102325527084, 0.41190432538910754, 0.3909533984562583, 0.2977578236660228, 0.6769394579509924, 1.0, 0.7016537209082352, 0.8532873786145678, 0.6069799678123418, 0.8601117135345662]",Method E
Experimental_methods ,all_ranges,True,True,True,normed_values_normed_weighted_modulations,26,0.8433764906495433,0.0002918744860861,"[0.2886843584793095, 0.0, 0.16142417874529327, 0.27121165807882447, 0.4209431458365999, 0.3942747249627396, 0.2911650569885497, 0.6719377508215233, 1.0, 0.701839356448281, 0.8531876790594213, 0.6067899811379764, 0.8713342966302119]",Method E
Experimental_methods ,all_ranges,True,True,True,normed_values_normed_weighted_modulations,27,0.8405100534439083,0.0003206218005044,"[0.30408434970230613, 0.0, 0.17060459785797866, 0.28323911253500056, 0.42994410397021793, 0.4019335349454644, 0.2957442545950403, 0.687944192742359, 1.0, 0.7073550393644005, 0.8663670048112957, 0.6061640090358753, 0.8880308476968012]",Method E
Experimental_methods ,all_ranges,True,True,True,normed_values_normed_weighted_modulations,28,0.8348171756062204,0.0003843678730635,"[0.31176190053567576, 0.0, 0.1810832275067232, 0.2923470395032266, 0.4323989905056442, 0.4047962352976364, 0.29622282482875384, 0.6946612878489167, 1.0, 0.7008746459182754, 0.8708659309205681, 0.596842298737918, 0.8922145972454946]",Method E
Experimental_methods ,all_ranges,True,True,True,normed_values_normed_weighted_modulations,29,0.8347943752103739,0.0003846419384834,"[0.3158988135998732, 0.0, 0.1821159434308017, 0.30075675708469063, 0.44381147221755635, 0.40817096622492943, 0.3010037496481418, 0.7080156399156615, 1.0, 0.7092940889412985, 0.8882040074415494, 0.5974355667816232, 0.903938039873226]",Method E
Experimental_methods ,all_ranges,True,True,True,normed_values_normed_weighted_modulations,30,0.8272952185500839,0.0004835751765802,"[0.3451639684132726, 0.0, 0.1901790021263639, 0.3128660992579709, 0.4561758798435014, 0.41082273253671625, 0.31076324307431835, 0.7126627605287218, 1.0, 0.714540876081945, 0.8944857763516171, 0.5963848277378988, 0.9120254783080226]",Method E
Experimental_methods ,all_ranges,True,True,True,normed_values_normed_weighted_modulations,31,0.8245825564468117,0.0005239466022979,"[0.3451476005175388, 0.0, 0.19864625655711454, 0.32569967209950307, 0.46949951719035615, 0.4147848515139382, 0.3167935873429473, 0.722569842936265, 1.0, 0.7152686880430926, 0.8990247948616357, 0.5923961440043913, 0.9137969163905949]",Method E
Experimental_methods ,all_ranges,True,True,True,normed_values_normed_weighted_modulations,32,0.8198033389617104,0.000601524419103,"[0.3593499084880385, 0.0, 0.20396728323083346, 0.3272964728722651, 0.4757922467010838, 0.40995202618192655, 0.31874704130715564, 0.727130113298391, 1.0, 0.7101247104535601, 0.9166001800310124, 0.589991263303708, 0.9236573905496824]",Method E
Experimental_methods ,all_ranges,True,True,False,normed_values_only_modulations,2,-0.0890870806374747,0.7722614932228544,"[1.0, 0.0, 1.0, 1.0, 1.0, 0.0, 1.0, 1.0, 1.0, 0.0, 1.0, 0.0, 1.0]",Method D
Experimental_methods ,all_ranges,True,True,False,normed_values_only_modulations,3,-0.0621369766001199,0.84018506641396,"[1.0, 0.0, 0.5, 0.5000000000000003, 0.5000000000000003, 0.0, 0.5, 0.5000000000000003, 0.5, 0.0, 0.5000000000000003, 0.0, 1.0]",Method D
Experimental_methods ,all_ranges,True,True,False,normed_values_only_modulations,4,-0.10917192286934,0.7225694609319696,"[1.0, 0.0, 0.6666666666666667, 0.6666666666666673, 0.6666666666666673, 0.0, 0.6666666666666667, 0.5555555555555555, 0.6666666666666673, 0.0, 0.5555555555555555, 0.0, 1.0]",Method D
Experimental_methods ,all_ranges,True,True,False,normed_values_only_modulations,5,-0.0152588313576963,0.96054072094496,"[1.0, 0.0, 0.5664739884393064, 0.5664739884393064, 0.7398843930635832, 0.11560693641618486, 0.6358381502890171, 0.6531791907514451, 0.5664739884393061, 0.11560693641618486, 0.6531791907514448, 0.11560693641618486, 1.0]",Method D
Experimental_methods ,all_ranges,True,True,False,normed_values_only_modulations,6,-0.0242644204749675,0.9372857857120768,"[1.0, 0.0, 0.5070422535211264, 0.5070422535211269, 0.647887323943662, 0.04694835680751199, 0.5633802816901405, 0.5774647887323942, 0.5070422535211272, 0.04694835680751199, 0.5774647887323942, 0.09389671361502315, 1.0]",Method D
Experimental_methods ,all_ranges,True,True,False,normed_values_only_modulations,7,-0.0215750766207454,0.94422639812521,"[1.0, 0.0, 0.5137231503579951, 0.5972553699284006, 0.7225536992840089, 0.10441527446300752, 0.5638424821002388, 0.659904534606205, 0.5137231503579954, 0.1044152744630069, 0.6599045346062057, 0.08353221957040602, 0.9999999999999993]",Method D
Experimental_methods ,all_ranges,True,True,False,normed_values_only_modulations,8,-0.0114179681030276,0.9704686405945128,"[1.0, 0.0, 0.5169922397645176, 0.5919186513245923, 0.7043082686647043, 0.09365801445009335, 0.5619480867005616, 0.694942467219695, 0.5169922397645166, 0.09365801445009285, 0.694942467219695, 0.07492641156007468, 1.0]",Method D
Experimental_methods ,all_ranges,True,True,False,normed_values_only_modulations,9,-0.0038767669315409,0.9899714200656806,"[0.9999999999999992, 0.0, 0.48818287485470757, 0.5803951956605968, 0.6780317706315377, 0.12041844246416142, 0.5272375048430844, 0.6698953893839593, 0.5370011623401781, 0.12041844246416142, 0.6698953893839593, 0.06509104998062777, 1.0]",Method D
Experimental_methods ,all_ranges,True,True,False,normed_values_only_modulations,10,0.0193626006381331,0.949939057465677,"[0.9822622650805938, 0.0, 0.490743999436897, 0.5745055254452032, 0.7075385373407473, 0.13894559020201303, 0.5439572041951148, 0.7001478144576613, 0.5350883367354121, 0.13894559020201303, 0.7001478144576619, 0.0886886745970296, 1.0]",Method D
Experimental_methods ,all_ranges,True,True,False,normed_values_only_modulations,11,0.0264757927863909,0.9315817488740368,"[0.9835324450041882, 0.0, 0.46807777533549966, 0.5787763394740125, 0.7022830019426011, 0.14147126791856549, 0.5174804403229354, 0.6954215206943465, 0.5421817728166525, 0.12899584746719256, 0.7216199036422285, 0.08233777497905895, 1.0]",Method D
Experimental_methods ,all_ranges,True,True,False,normed_values_only_modulations,12,0.023891553487986,0.938247841157451,"[0.9849971585527565, 0.0, 0.4603794008605523, 0.5912375179281792, 0.7037588287825081, 0.1378183097448108, 0.505387925202284, 0.685005276973453, 0.5278921873731501, 0.12645252076962665, 0.7088734338213405, 0.09644683787513882, 1.0]",Method D
Experimental_methods ,all_ranges,True,True,False,normed_values_only_modulations,13,0.0321765459470399,0.9168916398129704,"[0.9755056126247759, 0.0, 0.4849973990369141, 0.6057535454930348, 0.6989387148553032, 0.16426292087002056, 0.5034569373486776, 0.7093222051556703, 0.5472983408391165, 0.13399647006664145, 0.7313477906412971, 0.10630716259899654, 1.0]",Method D
Experimental_methods ,all_ranges,True,True,False,normed_values_only_modulations,14,0.0331304140241041,0.914435897486191,"[0.9770666737648377, 0.0, 0.48880833104621113, 0.6142135832369026, 0.701459933044587, 0.16999711157209318, 0.5060914174843058, 0.7111816691660137, 0.5378799514686555, 0.14165958348365965, 0.7577281633231524, 0.09953206029080672, 1.0]",Method D
Experimental_methods ,all_ranges,True,True,False,normed_values_only_modulations,15,0.0329550434601195,0.9148873387902005,"[0.9787530142886282, 0.0, 0.49036993936097767, 0.6065538532906236, 0.7074000535873537, 0.18585180564053608, 0.4972323198391851, 0.7164069279650009, 0.5358332100291, 0.14458654424222545, 0.7515246401849164, 0.10555675527242256, 1.0]",Method D
Experimental_methods ,all_ranges,True,True,False,normed_values_only_modulations,16,0.0271131323535935,0.9299383357318896,"[1.0, 0.0, 0.4853564381997871, 0.6119505955190839, 0.707694953243114, 0.1891179660596513, 0.49187164858362464, 0.7281228524674397, 0.5448077329523089, 0.14994032786138298, 0.7614639480301866, 0.10021660416806395, 0.9973688573449881]",Method D
Experimental_methods ,all_ranges,True,True,False,normed_values_only_modulations,17,0.0322172105023212,0.9167869345323147,"[0.9961461660178696, 0.0, 0.48883069554445835, 0.6239351814365675, 0.7081260060883704, 0.19524154594515536, 0.48151503148886915, 0.727441926094795, 0.5450457982874071, 0.15255940363877807, 0.776936418796245, 0.10554235804174597, 1.0]",Method D
Experimental_methods ,all_ranges,True,True,False,normed_values_only_modulations,18,0.0364120234054077,0.9059928272895496,"[0.9963692342892391, 0.0, 0.48556941069775045, 0.6199071948642579, 0.7137348036253277, 0.19768833556745444, 0.47867719314825385, 0.7319326762779463, 0.5512268515640096, 0.15747672825213826, 0.7785623203688001, 0.10866693028464935, 1.0]",Method D
Experimental_methods ,all_ranges,True,True,False,normed_values_only_modulations,19,0.025789584013168,0.9333514528641786,"[1.0, 0.0, 0.48419977352681154, 0.6184832739011745, 0.7074073963009057, 0.20066781836683342, 0.466972031960339, 0.7384058714255027, 0.5413595261789784, 0.15293154960072064, 0.7775322312224592, 0.09792154070039624, 0.9873974466685929]",Method D
Experimental_methods ,all_ranges,True,True,False,normed_values_only_modulations,20,0.0337101984884081,0.9129435772788684,"[1.0, 0.0, 0.4824174737505671, 0.6206983917473963, 0.7169908100378601, 0.20739450003631296, 0.4705763839370768, 0.7419664010136998, 0.5471378984137436, 0.1618637318351651, 0.7924013374627259, 0.1010485569916695, 0.9925704064944695]",Method D
Experimental_methods ,all_ranges,True,True,False,normed_values_only_modulations,21,0.0327818268836251,0.915333258346789,"[1.0, 0.0, 0.48070021453333445, 0.6225365762187551, 0.7103425243634462, 0.21339329565518916, 0.4606186974195155, 0.7451632485790028, 0.5425237376664659, 0.16192737061448162, 0.7933407053324432, 0.0965255996581622, 0.992902956858683]",Method D
Experimental_methods ,all_ranges,True,True,False,normed_values_only_modulations,22,0.0318054327476587,0.9178472588469584,"[1.0, 0.0, 0.47405496662926566, 0.6134177157986263, 0.7061399683630231, 0.21240088273838495, 0.4549674552598065, 0.7392371176267024, 0.5411546291912975, 0.16032475126886395, 0.7916610191231985, 0.09816027237835277, 0.9813452308952526]",Method D
Experimental_methods ,all_ranges,True,True,False,normed_values_only_modulations,23,0.0351271141022713,0.9092976613632546,"[1.0, 0.0, 0.4780049430565734, 0.6164830943110319, 0.7145064229281989, 0.21923045099375912, 0.45237477711367463, 0.746317947827778, 0.5390144941716807, 0.1659837758322976, 0.8032374250950002, 0.1000705514947735, 0.9855535508063339]",Method D
Experimental_methods ,all_ranges,True,True,False,normed_values_only_modulations,24,0.0369750498107258,0.9045451387248976,"[1.0, 0.0, 0.4745223154854494, 0.6192525835172378, 0.713557962509426, 0.21913911620215393, 0.4498642820665104, 0.749516088270517, 0.5370137178018566, 0.16198236185316453, 0.804276653448698, 0.10178108808070462, 0.989313406089138]",Method D
Experimental_methods ,all_ranges,True,True,False,normed_values_only_modulations,25,0.034948957259925,0.909755994557718,"[1.0, 0.0, 0.47083416115609666, 0.6162353355302059, 0.7110343204087436, 0.22291541677937332, 0.44400501199094206, 0.7454907588267362, 0.5374309386905407, 0.16246360077153071, 0.8061718104969104, 0.09950027151733519, 0.9805263719583334]",Method D
Experimental_methods ,all_ranges,True,True,False,normed_values_only_modulations,26,0.0371262812288596,0.9041563291841376,"[1.0, 0.0, 0.4767232325640008, 0.6233272424895766, 0.711952878019521, 0.22911787603242273, 0.4449338133947502, 0.7522796908440976, 0.5409067104737102, 0.16577168954758498, 0.815933729010651, 0.1003440002134648, 0.9839701199340454]",Method D
Experimental_methods ,all_ranges,True,True,False,normed_values_only_modulations,27,0.0404064471817319,0.8957281377916885,"[1.0, 0.0, 0.476386768965309, 0.6209879675132762, 0.7127239193990226, 0.23479462064782042, 0.44043846263458875, 0.7584926133268689, 0.5440242877496133, 0.16878233824373298, 0.8173531547806592, 0.10108914624613986, 0.9870802042128791]",Method D
Experimental_methods ,all_ranges,True,True,False,normed_values_only_modulations,28,0.0375098844674382,0.9031701900059816,"[1.0, 0.0, 0.4780298243982651, 0.620247901220067, 0.7144810502599256, 0.2358756817611288, 0.43837524538431144, 0.756141098199314, 0.5407226275944171, 0.17034277930267655, 0.8193561369723038, 0.1011095726666783, 0.9802354740352504]",Method D
Experimental_methods ,all_ranges,True,True,False,normed_values_only_modulations,29,0.0353440550423419,0.9087395856074788,"[1.0, 0.0, 0.47458796178564316, 0.6195248817520285, 0.7080666542344495, 0.23264150558200578, 0.43186299168081516, 0.7539615228034698, 0.537652324175305, 0.1695415163800007, 0.8148296991597509, 0.10109681314601435, 0.9739030134841251]",Method D
Experimental_methods ,all_ranges,True,True,False,normed_values_only_modulations,30,0.0364016759389507,0.9060194358555806,"[1.0, 0.0, 0.47528223512266543, 0.6204984357280605, 0.7093962150316542, 0.23432715685400332, 0.4315245028655135, 0.7594815997950454, 0.5364050624235336, 0.16931741975475673, 0.8164212515194507, 0.10140872715350965, 0.976761052621562]",Method D
Experimental_methods ,all_ranges,True,True,False,normed_values_only_modulations,31,0.0347999390827662,0.910139384249669,"[1.0, 0.0, 0.4732978946102622, 0.6206080014837132, 0.7065525489381906, 0.23457264812683107, 0.4270211225204622, 0.7580176674718413, 0.5366466479227657, 0.16821725007866364, 0.8184830650168541, 0.09925394134094073, 0.9715740201946059]",Method D
Experimental_methods ,all_ranges,True,True,False,normed_values_only_modulations,32,0.032869104052586,0.915108573778438,"[1.0, 0.0, 0.4714203950236792, 0.6162692959582441, 0.7038615519821645, 0.23479223909632396, 0.4228007031698215, 0.7566604717755867, 0.5368329212731481, 0.16719736228289256, 0.8151647536839617, 0.09726758275620495, 0.9667302104642342]",Method D
Experimental_methods ,all_ranges,True,False,True,normed_values_normed_weighted_modulations,2,0.8879980233650883,5.048092524476688e-05,"[0.0, 0.0, 0.0, 0.0, 0.0, 0.2916666666666667, 0.0, 0.4375, 0.9375000000000001, 1.0, 0.8437500000000001, 1.0, 0.8437500000000001]",Method C
Experimental_methods ,all_ranges,True,False,True,normed_values_normed_weighted_modulations,3,0.9044154141518158,2.1810150995094134e-05,"[0.0, 0.0, 0.0, 0.2, 0.27999999999999997, 0.5485714285714286, 0.33999999999999997, 0.5599999999999999, 1.0, 0.8685714285714285, 0.74, 0.7085714285714284, 0.8355555555555556]",Method C
Experimental_methods ,all_ranges,True,False,True,normed_values_normed_weighted_modulations,4,0.9250114891112964,5.978671839695819e-06,"[0.0, 0.0, 0.1149425287356322, 0.19540229885057475, 0.2758620689655173, 0.4157088122605364, 0.2758620689655173, 0.557029177718833, 1.0, 0.7375478927203066, 0.7550839964633069, 0.7777777777777779, 0.8505747126436783]",Method C
Experimental_methods ,all_ranges,True,False,True,normed_values_normed_weighted_modulations,5,0.8410849163720703,0.0003146836872782,"[0.0, 0.019379844961240317, 0.18023255813953493, 0.24127906976744184, 0.14119601328903653, 0.2325581395348837, 0.16611295681063126, 0.5116279069767443, 1.0, 0.7282741738066096, 0.738372093023256, 0.5722154222766219, 0.6976744186046513]",Method C
Experimental_methods ,all_ranges,True,False,True,normed_values_normed_weighted_modulations,6,0.8397787950551812,0.0003283036133609,"[0.0737472207969899, 0.0, 0.21959979476654695, 0.306310928681375, 0.25364023991082957, 0.4166239096972806, 0.2729604925602873, 0.586454592098512, 1.0, 0.732683427398666, 0.7331965110312982, 0.5358113372479715, 0.7398665982555157]",Method C
Experimental_methods ,all_ranges,True,False,True,normed_values_normed_weighted_modulations,7,0.821858704802542,0.0005671216718471,"[0.15868236152933649, 0.0, 0.13879003558718858, 0.2633451957295373, 0.2734738571037502, 0.42511438739196744, 0.2633451957295373, 0.5336205281887993, 1.0, 0.5831215048296898, 0.6583629893238433, 0.5304524656837823, 0.746144721233689]",Method C
Experimental_methods ,all_ranges,True,False,True,normed_values_normed_weighted_modulations,8,0.829062056738792,0.0004586332221389,"[0.14514899853444066, 0.0, 0.1670737664875427, 0.2453765091771931, 0.2844357596482656, 0.3813059762253703, 0.28222485867820496, 0.5559554549714363, 1.0, 0.5188731476958149, 0.6717645534031884, 0.5761928024751669, 0.717772349780166]",Method C
Experimental_methods ,all_ranges,True,False,True,normed_values_normed_weighted_modulations,9,0.8406231977929761,0.0003194460882812,"[0.15443641622842233, 0.0, 0.1357738207993938, 0.22902064784997156, 0.4268907845449711, 0.39946594085137055, 0.44260276567531714, 0.609301003978026, 1.0, 0.5165385522909377, 0.666603523394582, 0.5522775552729142, 0.8505007862840782]",Method C
Experimental_methods ,all_ranges,True,False,True,normed_values_normed_weighted_modulations,10,0.8091979268460958,0.0008061457777461,"[0.22738572020439163, 0.0, 0.12186502658945533, 0.26902361552271775, 0.41207778803451084, 0.32520172825379284, 0.39399898724853827, 0.5720241218984484, 1.0, 0.5893049499871761, 0.6861427979560831, 0.4878740025098623, 0.8031663130406395]",Method C
Experimental_methods ,all_ranges,True,False,True,normed_values_normed_weighted_modulations,11,0.8047322157254635,0.0009071682471779,"[0.297391679151009, 0.0, 0.1466699057173622, 0.25971058644325984, 0.48342442021040666, 0.3020005984114896, 0.4293602437166795, 0.6320830159939073, 1.0, 0.5797927320204549, 0.8100152322924601, 0.5216486662568018, 0.8502433855425675]",Method C
Experimental_methods ,all_ranges,True,False,True,normed_values_normed_weighted_modulations,12,0.7758455279388677,0.0018250009891509,"[0.2782680847853965, 0.0, 0.20526763292666048, 0.3187564846481959, 0.5908576601040961, 0.41344195519348276, 0.47427019687712146, 0.6888905967797719, 1.0, 0.5378633586372895, 0.813703262498559, 0.487173157234257, 0.8989517741362881]",Method C
Experimental_methods ,all_ranges,True,False,True,normed_values_normed_weighted_modulations,13,0.7847506106475772,0.0014875475789838,"[0.3498891555250828, 0.0, 0.2532707005858128, 0.34938587663714016, 0.6119968003656725, 0.3943628117377718, 0.45918592910224815, 0.7100690796627851, 1.0, 0.6248398940742178, 0.8862166904427513, 0.5117844917102644, 0.9855845496172766]",Method C
Experimental_methods ,all_ranges,True,False,True,normed_values_normed_weighted_modulations,14,0.7421517029135625,0.0036734539536628,"[0.38758486701088607, 0.0, 0.2734717150188023, 0.3756466853492416, 0.6416737939117491, 0.39244384369135965, 0.428299914473059, 0.6674935821567011, 1.0, 0.5687784509263272, 0.9394342551236969, 0.4922521806490253, 0.9591761815930918]",Method C
Experimental_methods ,all_ranges,True,False,True,normed_values_normed_weighted_modulations,15,0.6872570340844117,0.0094446621364623,"[0.4794657725012324, 0.0, 0.28456187370367586, 0.46947516630585356, 0.6419433861820848, 0.3837200358678732, 0.46680517922739945, 0.7141306408191154, 0.9890546517729969, 0.6002307571913514, 0.9593331370752796, 0.4322191214429231, 1.0]",Method C
Experimental_methods ,all_ranges,True,False,True,normed_values_normed_weighted_modulations,16,0.6681774610696593,0.0125505899830333,"[0.5357108853311148, 0.0, 0.3110917086980101, 0.44592208414824835, 0.6616681775603724, 0.43879217899617007, 0.45394228831035943, 0.7277786086311946, 0.9788263207113852, 0.5637498499859599, 0.9759836401349884, 0.4586363105910311, 1.0]",Method C
Experimental_methods ,all_ranges,True,False,True,normed_values_normed_weighted_modulations,17,0.6257823321687264,0.0221516199509611,"[0.5621599610899343, 0.0, 0.3229393656393762, 0.45542399632993424, 0.6845402392564375, 0.41289441234581836, 0.4411253502127219, 0.7388764793586123, 0.9017064590257419, 0.5689740130852514, 0.9764837407412899, 0.3963528950649513, 1.0]",Method C
Experimental_methods ,all_ranges,True,False,True,normed_values_normed_weighted_modulations,18,0.6196603419711463,0.0238925617861142,"[0.591481117018672, 0.0, 0.3162333911034086, 0.4712078160680148, 0.7178293201568392, 0.4226184286539569, 0.489531580974388, 0.7562249724728051, 0.8765164644714032, 0.555064024083231, 0.9776760450852414, 0.4272142520914905, 1.0]",Method C
Experimental_methods ,all_ranges,True,False,True,normed_values_normed_weighted_modulations,19,0.5928898357327146,0.0327144091642075,"[0.5846825730399684, 0.0, 0.3135878387952149, 0.46652201963255924, 0.6987241083828266, 0.42919217249881947, 0.4104034872024142, 0.747192624767308, 0.8788954048843187, 0.538247254031316, 0.977418077593594, 0.37546546772649525, 1.0]",Method C
Experimental_methods ,all_ranges,True,False,True,normed_values_normed_weighted_modulations,20,0.5725943221945606,0.040835415097773,"[0.620834978754324, 0.0, 0.3187398917423127, 0.49051223627494783, 0.6983380240080727, 0.3760276631625685, 0.4473596218148275, 0.773537308494936, 0.8682865909912687, 0.5598800708843714, 0.9787201345467726, 0.3650677972711871, 1.0]",Method C
Experimental_methods ,all_ranges,True,False,True,normed_values_normed_weighted_modulations,21,0.5236277453955865,0.066277267172997,"[0.6720951227851804, 0.0, 0.3357530187210136, 0.4978783059963254, 0.7009799565262275, 0.40997654198405037, 0.44822191682689055, 0.7805962753343574, 0.8601955274074793, 0.5055736219690096, 0.9722095541430209, 0.3524618087688944, 1.0]",Method C
Experimental_methods ,all_ranges,True,False,True,normed_values_normed_weighted_modulations,22,0.5274281437370639,0.0639813684910511,"[0.6465662342545168, 0.0, 0.31979638515714776, 0.4772822409899596, 0.6989741571242314, 0.397006389113076, 0.43156456697054496, 0.7996776511226781, 0.8040570034115743, 0.504167685082231, 0.984279549463677, 0.3256498221862863, 1.0]",Method C
Experimental_methods ,all_ranges,True,False,True,normed_values_normed_weighted_modulations,23,0.4674654164393342,0.1072398730877698,"[0.6977387344268561, 0.0, 0.3223470471628053, 0.47403454027673747, 0.6775361390587726, 0.36105599142299466, 0.4400329570379609, 0.7862023343798039, 0.8073156000924478, 0.44268273533732855, 0.9495829122572131, 0.285532756141857, 1.0]",Method C
Experimental_methods ,all_ranges,True,False,True,normed_values_normed_weighted_modulations,24,0.4379632789141924,0.1344387307774218,"[0.7138680321156037, 0.0, 0.37524350761176506, 0.5176122112411815, 0.7096641299688143, 0.39020515584643356, 0.4710024601203994, 0.8422264890643778, 0.8334035000635003, 0.44252412450263107, 0.9687887007651211, 0.2864895125692807, 1.0]",Method C
Experimental_methods ,all_ranges,True,False,True,normed_values_normed_weighted_modulations,25,0.3887162393184069,0.1892941562818319,"[0.7289550931601407, 0.0, 0.3560618238197702, 0.5204618291774846, 0.7239308598842104, 0.3646866459106274, 0.42933851014651414, 0.8706375244663113, 0.8191128477202348, 0.392036170228436, 0.9608294710798683, 0.23702443116965913, 1.0]",Method C
Experimental_methods ,all_ranges,True,False,True,normed_values_normed_weighted_modulations,26,0.3851646745040624,0.1937223027548942,"[0.7389458252918417, 0.0, 0.34681973059195365, 0.4978608756315629, 0.7151784752372907, 0.36140258618536963, 0.39394940300373876, 0.8283144408434986, 0.7962582421607434, 0.38690834240393124, 0.9355855771259647, 0.2376110687260842, 1.0]",Method C
Experimental_methods ,all_ranges,True,False,True,normed_values_normed_weighted_modulations,27,0.361177146741048,0.2253240622628657,"[0.7554600924926269, 0.0, 0.3586501357172134, 0.5126395127125121, 0.7097408320603209, 0.3669222010983537, 0.39006867058996403, 0.8396883545529664, 0.7595394139472166, 0.38346038714961606, 0.9268376675896562, 0.22445355964129446, 1.0]",Method C
Experimental_methods ,all_ranges,True,False,True,normed_values_normed_weighted_modulations,28,0.3384284881441674,0.2580319410312495,"[0.7615102589462016, 0.0, 0.38403405231682775, 0.5338040556126187, 0.7082594034327393, 0.37338661937753725, 0.3894056638392793, 0.8487818113895315, 0.7605523010918775, 0.3707545686073703, 0.934726456423694, 0.20803089822515694, 1.0]",Method C
Experimental_methods ,all_ranges,True,False,True,normed_values_normed_weighted_modulations,29,0.3332122103012016,0.265907674247937,"[0.7585344264682198, 0.0, 0.3788867273069625, 0.5490795379009744, 0.7210554028424824, 0.36790514166164895, 0.38950401929725526, 0.8606342931291403, 0.7330518624260539, 0.3777252245215114, 0.9474405554009752, 0.1998616870158896, 1.0]",Method C
Experimental_methods ,all_ranges,True,False,True,normed_values_normed_weighted_modulations,30,0.310602178449455,0.3016570493586447,"[0.8066004992908546, 0.0, 0.3905190448265467, 0.5639075990737205, 0.7316755517204981, 0.3696104279416877, 0.40499983774197923, 0.8550012962745558, 0.7283581435391718, 0.39501218651253867, 0.9467284537824333, 0.20805212892557282, 1.0]",Method C
Experimental_methods ,all_ranges,True,False,True,normed_values_normed_weighted_modulations,31,0.2943886472011544,0.3288902050733504,"[0.8029568160924522, 0.0, 0.4131368406710973, 0.5995137248504965, 0.7620810939608045, 0.37853881102772813, 0.4185489882886619, 0.879152799863577, 0.7282176912842296, 0.39708185967319704, 0.9618981294133516, 0.20169146053790238, 1.0]",Method C
Experimental_methods ,all_ranges,True,False,True,normed_values_normed_weighted_modulations,32,0.2796817779291388,0.3547276048944408,"[0.8210372616115119, 0.0, 0.41856205529491214, 0.5904000580221255, 0.7556155022637574, 0.35574468590569697, 0.4141578519121236, 0.8712115608335744, 0.7135058862304434, 0.3733922781060086, 0.9828592887990772, 0.191838267509545, 1.0]",Method C
Experimental_methods ,all_ranges,True,False,False,normed_values_only_modulations,2,-0.0890870806374747,0.7722614932228544,"[1.0, 0.0, 1.0, 1.0, 1.0, 0.0, 1.0, 1.0, 1.0, 0.0, 1.0, 0.0, 1.0]",Method B
Experimental_methods ,all_ranges,True,False,False,normed_values_only_modulations,3,-0.0621369766001199,0.84018506641396,"[1.0, 0.0, 0.5, 0.5, 0.5, 0.0, 0.5, 0.5, 0.5, 0.0, 0.5, 0.0, 1.0]",Method B
Experimental_methods ,all_ranges,True,False,False,normed_values_only_modulations,4,-0.2077906934428245,0.4957417432565696,"[1.0, 0.0, 1.0, 1.0, 1.0, 0.0, 1.0, 0.5, 1.0, 0.0, 0.5, 0.0, 1.0]",Method B
Experimental_methods ,all_ranges,True,False,False,normed_values_only_modulations,5,0.0224280652008128,0.942024605666142,"[1.0, 0.0, 0.6666666666666666, 0.6666666666666666, 1.0, 0.3333333333333333, 1.0, 0.6666666666666666, 0.6666666666666666, 0.3333333333333333, 0.6666666666666666, 0.3333333333333333, 1.0]",Method B
Experimental_methods ,all_ranges,True,False,False,normed_values_only_modulations,6,-0.0154820280555658,0.9599639471351318,"[1.0, 0.0, 0.5, 0.5, 0.75, 0.0, 0.75, 0.5, 0.5, 0.0, 0.5, 0.25, 1.0]",Method B
Experimental_methods ,all_ranges,True,False,False,normed_values_only_modulations,7,-0.0121987509118566,0.9684501015367264,"[1.0, 0.0, 0.6, 0.8, 1.0, 0.2, 0.8, 0.8, 0.6, 0.2, 0.8, 0.2, 1.0]",Method B
Experimental_methods ,all_ranges,True,False,False,normed_values_only_modulations,8,-0.0291220963279515,0.9247598196119768,"[1.0, 0.0, 0.6666666666666666, 0.8333333333333334, 1.0, 0.16666666666666666, 0.8333333333333334, 0.8333333333333334, 0.6666666666666666, 0.16666666666666666, 0.8333333333333334, 0.16666666666666666, 1.0]",Method B
Experimental_methods ,all_ranges,True,False,False,normed_values_only_modulations,9,-0.0080074343502175,0.9792875650926648,"[1.0, 0.0, 0.625, 0.75, 0.875, 0.25, 0.75, 0.75, 0.75, 0.25, 0.75, 0.125, 1.0]",Method B
Experimental_methods ,all_ranges,True,False,False,normed_values_only_modulations,10,0.0888246733498353,0.7729164747377439,"[0.9, 0.0, 0.6, 0.7, 0.9, 0.3, 0.8, 0.8, 0.7, 0.3, 0.8, 0.2, 1.0]",Method B
Experimental_methods ,all_ranges,True,False,False,normed_values_only_modulations,11,0.0905522415780554,0.7686069429772435,"[0.9090909090909091, 0.0, 0.5454545454545454, 0.7272727272727273, 0.9090909090909091, 0.2727272727272727, 0.7272727272727273, 0.8181818181818182, 0.7272727272727273, 0.2727272727272727, 0.8181818181818182, 0.18181818181818182, 1.0]",Method B
Experimental_methods ,all_ranges,True,False,False,normed_values_only_modulations,12,0.0664477193312642,0.8292396135229435,"[0.9230769230769231, 0.0, 0.5384615384615384, 0.7692307692307693, 0.9230769230769231, 0.23076923076923078, 0.6923076923076923, 0.7692307692307693, 0.6923076923076923, 0.23076923076923078, 0.7692307692307693, 0.23076923076923078, 1.0]",Method B
Experimental_methods ,all_ranges,True,False,False,normed_values_only_modulations,13,0.0903361597681572,0.7691456409177141,"[0.875, 0.0, 0.625, 0.8125, 0.875, 0.3125, 0.6875, 0.8125, 0.75, 0.25, 0.8125, 0.25, 1.0]",Method B
Experimental_methods ,all_ranges,True,False,False,normed_values_only_modulations,14,0.0784982282028449,0.7987978215552239,"[0.8888888888888888, 0.0, 0.6666666666666666, 0.8333333333333334, 0.8888888888888888, 0.3333333333333333, 0.7222222222222222, 0.8333333333333334, 0.7222222222222222, 0.2777777777777778, 0.8888888888888888, 0.2222222222222222, 1.0]",Method B
Experimental_methods ,all_ranges,True,False,False,normed_values_only_modulations,15,0.0718432700057716,0.8155798091549014,"[0.9047619047619048, 0.0, 0.6666666666666666, 0.8095238095238095, 0.9047619047619048, 0.38095238095238093, 0.7142857142857143, 0.8571428571428571, 0.7142857142857143, 0.2857142857142857, 0.8571428571428571, 0.23809523809523808, 1.0]",Method B
Experimental_methods ,all_ranges,True,False,False,normed_values_only_modulations,16,0.0525391270306092,0.8646476907951887,"[0.9565217391304348, 0.0, 0.6521739130434783, 0.8260869565217391, 0.9130434782608695, 0.391304347826087, 0.6956521739130435, 0.8695652173913043, 0.7391304347826086, 0.30434782608695654, 0.8695652173913043, 0.21739130434782608, 1.0]",Method B
Experimental_methods ,all_ranges,True,False,False,normed_values_only_modulations,17,0.073621017383231,0.8110894266761859,"[0.9230769230769231, 0.0, 0.6538461538461539, 0.8461538461538461, 0.8846153846153846, 0.38461538461538464, 0.6538461538461539, 0.8461538461538461, 0.7307692307692307, 0.3076923076923077, 0.8846153846153846, 0.23076923076923078, 1.0]",Method B
Experimental_methods ,all_ranges,True,False,False,normed_values_only_modulations,18,0.0843723222100015,0.7840505605552414,"[0.9310344827586207, 0.0, 0.6551724137931034, 0.8275862068965517, 0.896551724137931, 0.3793103448275862, 0.6551724137931034, 0.8620689655172413, 0.7586206896551724, 0.3103448275862069, 0.896551724137931, 0.2413793103448276, 1.0]",Method B
Experimental_methods ,all_ranges,True,False,False,normed_values_only_modulations,19,0.0400000886429539,0.8967717221606124,"[0.967741935483871, 0.0, 0.6774193548387096, 0.8387096774193549, 0.9032258064516129, 0.3870967741935484, 0.6451612903225806, 0.9032258064516129, 0.7419354838709677, 0.2903225806451613, 0.9032258064516129, 0.1935483870967742, 1.0]",Method B
Experimental_methods ,all_ranges,True,False,False,normed_values_only_modulations,20,0.0645515838126413,0.8340507297706486,"[0.9428571428571428, 0.0, 0.6571428571428571, 0.8285714285714286, 0.9142857142857143, 0.4, 0.6571428571428571, 0.8857142857142857, 0.7428571428571429, 0.3142857142857143, 0.9142857142857143, 0.2, 1.0]",Method B
Experimental_methods ,all_ranges,True,False,False,normed_values_only_modulations,21,0.0575157338143623,0.8519483202093954,"[0.9473684210526315, 0.0, 0.6578947368421053, 0.8421052631578947, 0.8947368421052632, 0.42105263157894735, 0.631578947368421, 0.8947368421052632, 0.7368421052631579, 0.3157894736842105, 0.9210526315789473, 0.18421052631578946, 1.0]",Method B
Experimental_methods ,all_ranges,True,False,False,normed_values_only_modulations,22,0.0561125174054042,0.8555258677822459,"[0.975609756097561, 0.0, 0.6585365853658537, 0.8292682926829268, 0.9024390243902439, 0.4146341463414634, 0.6341463414634146, 0.9024390243902439, 0.7560975609756098, 0.3170731707317073, 0.926829268292683, 0.1951219512195122, 1.0]",Method B
Experimental_methods ,all_ranges,True,False,False,normed_values_only_modulations,23,0.0663783241437618,0.8294155961936347,"[0.9555555555555556, 0.0, 0.6666666666666666, 0.8222222222222222, 0.9111111111111111, 0.4222222222222222, 0.6222222222222222, 0.9111111111111111, 0.7333333333333333, 0.3333333333333333, 0.9333333333333333, 0.2, 1.0]",Method B
Experimental_methods ,all_ranges,True,False,False,normed_values_only_modulations,24,0.0695171363890613,0.8214631724751172,"[0.9387755102040817, 0.0, 0.6530612244897959, 0.8163265306122449, 0.8979591836734694, 0.40816326530612246, 0.6122448979591837, 0.8979591836734694, 0.7142857142857143, 0.30612244897959184, 0.9183673469387755, 0.20408163265306123, 1.0]",Method B
Experimental_methods ,all_ranges,True,False,False,normed_values_only_modulations,25,0.060630810402133,0.8440157325579809,"[0.9615384615384616, 0.0, 0.6538461538461539, 0.8269230769230769, 0.9038461538461539, 0.4230769230769231, 0.6153846153846154, 0.9038461538461539, 0.7307692307692307, 0.3076923076923077, 0.9423076923076923, 0.19230769230769232, 1.0]",Method B
Experimental_methods ,all_ranges,True,False,False,normed_values_only_modulations,26,0.0648374012199145,0.8333251729190552,"[0.9473684210526315, 0.0, 0.6666666666666666, 0.8421052631578947, 0.8947368421052632, 0.43859649122807015, 0.6140350877192983, 0.9122807017543859, 0.7368421052631579, 0.3157894736842105, 0.9473684210526315, 0.19298245614035087, 1.0]",Method B
Experimental_methods ,all_ranges,True,False,False,normed_values_only_modulations,27,0.0753729419564577,0.8066694687265541,"[0.9354838709677419, 0.0, 0.6612903225806451, 0.8225806451612904, 0.8870967741935484, 0.45161290322580644, 0.5967741935483871, 0.9193548387096774, 0.7419354838709677, 0.3225806451612903, 0.9354838709677419, 0.1935483870967742, 1.0]",Method B
Experimental_methods ,all_ranges,True,False,False,normed_values_only_modulations,28,0.0650321338131169,0.832830907417374,"[0.9545454545454546, 0.0, 0.6818181818181818, 0.8333333333333334, 0.9090909090909091, 0.45454545454545453, 0.6060606060606061, 0.9242424242424242, 0.7424242424242424, 0.3333333333333333, 0.9545454545454546, 0.19696969696969696, 1.0]",Method B
Experimental_methods ,all_ranges,True,False,False,normed_values_only_modulations,29,0.0580450051651985,0.8505995986142378,"[0.9714285714285714, 0.0, 0.6857142857142857, 0.8428571428571429, 0.9, 0.44285714285714284, 0.6, 0.9285714285714286, 0.7428571428571429, 0.32857142857142857, 0.9571428571428572, 0.2, 1.0]",Method B
Experimental_methods ,all_ranges,True,False,False,normed_values_only_modulations,30,0.0605173757479509,0.8443043624120032,"[0.96, 0.0, 0.68, 0.84, 0.8933333333333333, 0.44, 0.6, 0.9333333333333333, 0.7333333333333333, 0.32, 0.9466666666666667, 0.2, 1.0]",Method B
Experimental_methods ,all_ranges,True,False,False,normed_values_only_modulations,31,0.0524902009710679,0.8647726944509556,"[0.9746835443037974, 0.0, 0.6835443037974683, 0.8481012658227848, 0.8987341772151899, 0.4430379746835443, 0.5949367088607594, 0.9367088607594937, 0.7468354430379747, 0.31645569620253167, 0.9620253164556962, 0.189873417721519, 1.0]",Method B
Experimental_methods ,all_ranges,True,False,False,normed_values_only_modulations,32,0.04485688164105,0.8843092548476061,"[0.9879518072289156, 0.0, 0.6867469879518072, 0.8433734939759037, 0.9036144578313253, 0.4457831325301205, 0.5903614457831325, 0.9397590361445783, 0.7590361445783133, 0.3132530120481928, 0.963855421686747, 0.18072289156626506, 1.0]",Method B
Experimental_methods ,start_from_0.5,True,True,True,normed_values_normed_weighted_modulations,2,0.887170280506469,5.2480743403727885e-05,"[0.0, 0.0, 0.0, 0.0, 0.0, 0.22580645161290314, 0.0, 0.45161290322580633, 0.8602150537634407, 1.0, 0.7956989247311826, 1.0, 0.7956989247311826]",Method E
Experimental_methods ,start_from_0.5,True,True,True,normed_values_normed_weighted_modulations,3,0.903150474431268,2.338705435074073e-05,"[0.0, 0.0, 0.0, 0.125, 0.21875, 0.44196428571428586, 0.2125, 0.6124999999999999, 1.0, 0.9723214285714288, 0.8187499999999999, 0.8598214285714285, 0.7721590909090909]",Method E
Experimental_methods ,start_from_0.5,True,True,True,normed_values_normed_weighted_modulations,4,0.916094418496127,1.0898771098349204e-05,"[0.0, 0.0, 0.07229832572298327, 0.16163132545192974, 0.228310502283105, 0.391906786332861, 0.2031963470319635, 0.5871020203915683, 1.0, 0.8765548732483076, 0.7938950397197725, 0.8825381829633131, 0.8022562449637392]",Method E
Experimental_methods ,start_from_0.5,True,True,True,normed_values_normed_weighted_modulations,5,0.8707723090172317,0.0001071287762016,"[0.0, 0.010002122650030712, 0.10524094978256487, 0.17337759391991595, 0.10587144217447832, 0.23938594802908286, 0.13381652739631522, 0.5199077874147968, 1.0, 0.8361054591396743, 0.7697831982280035, 0.724788715152787, 0.7118911221469685]",Method E
Experimental_methods ,start_from_0.5,True,True,True,normed_values_normed_weighted_modulations,6,0.8708414791396835,0.0001068285797843,"[0.04719055395802289, 0.0, 0.14482281385609957, 0.21643397541861878, 0.18120014602130774, 0.35304544735480503, 0.199166550328864, 0.5643874455929351, 1.0, 0.8349267373284583, 0.7646581638211071, 0.6899632729547724, 0.7119204974504866]",Method E
Experimental_methods ,start_from_0.5,True,True,True,normed_values_normed_weighted_modulations,7,0.8638895683313096,0.0001405583309771,"[0.1087072524061303, 0.0, 0.08559643423312815, 0.1755771886255239, 0.166667232859868, 0.34345389557261596, 0.17204969677062895, 0.5222710131254498, 1.0, 0.7552094797631224, 0.7137999614785838, 0.6953291496332867, 0.714481162284226]",Method E
Experimental_methods ,start_from_0.5,True,True,True,normed_values_normed_weighted_modulations,8,0.8625463191960593,0.0001479590870667,"[0.10169063121719937, 0.0, 0.09842274456172705, 0.18009973216867434, 0.1794424849722699, 0.33252634102337325, 0.17348446021449004, 0.5281741425036703, 1.0, 0.7040712139338474, 0.7025820102665786, 0.701180146837938, 0.696253172095405]",Method E
Experimental_methods ,start_from_0.5,True,True,True,normed_values_normed_weighted_modulations,9,0.882570034704498,6.478506701195966e-05,"[0.108694739108753, 0.0, 0.08631348525616783, 0.16216111092003263, 0.23801723718353884, 0.34019649802283386, 0.23887284753400323, 0.5508335470018275, 1.0, 0.6905747809735441, 0.7103859088548551, 0.6950159722669444, 0.7506820566331419]",Method E
Experimental_methods ,start_from_0.5,True,True,True,normed_values_normed_weighted_modulations,10,0.8654098277052071,0.0001325419039975,"[0.1438078285240129, 0.0, 0.07403083904647668, 0.1761717710865639, 0.22363236212024473, 0.29709729858856143, 0.22051642249054032, 0.5247492619292358, 1.0, 0.7171226973025833, 0.7120620546442304, 0.659407249981431, 0.7366481756891666]",Method E
Experimental_methods ,start_from_0.5,True,True,True,normed_values_normed_weighted_modulations,11,0.8653161743387248,0.000133024938397,"[0.17179147659731223, 0.0, 0.07084859726385054, 0.1578153961301465, 0.2273407340100342, 0.2813017772042841, 0.20671490626089703, 0.5468820884316985, 1.0, 0.7242248980243345, 0.7542072695746461, 0.6847404083702473, 0.7478555517859736]",Method E
Experimental_methods ,start_from_0.5,True,True,True,normed_values_normed_weighted_modulations,12,0.8693587847409334,0.0001134126269234,"[0.16144487824549034, 0.0, 0.09650595833306093, 0.18422435875466708, 0.2782257043503089, 0.32590759971564204, 0.23246630048563982, 0.563488376985589, 1.0, 0.6961445949333974, 0.7562230801739147, 0.6576957119792785, 0.7641942380551955]",Method E
Experimental_methods ,start_from_0.5,True,True,True,normed_values_normed_weighted_modulations,13,0.8679842855503341,0.0001198020703416,"[0.19471583411103932, 0.0, 0.10771191459474988, 0.1880800909744545, 0.2834796622323331, 0.3161328165895192, 0.2249214581207815, 0.5660739297450379, 1.0, 0.7314760166714234, 0.7811775508686933, 0.6682418535490547, 0.7910486729534995]",Method E
Experimental_methods ,start_from_0.5,True,True,True,normed_values_normed_weighted_modulations,14,0.8595351195548757,0.0001656815225729,"[0.20954353145620092, 0.0, 0.1110195593318195, 0.1899919440013961, 0.2832425950601162, 0.3134551616801301, 0.2098262385661324, 0.5511750295785673, 1.0, 0.7100605229213836, 0.794265540996738, 0.6622398667853786, 0.7810490598703947]",Method E
Experimental_methods ,start_from_0.5,True,True,True,normed_values_normed_weighted_modulations,15,0.8502372438732135,0.0002313294908417,"[0.24896315705801234, 0.0, 0.11611107712936714, 0.22307619846950405, 0.28297306093820224, 0.30437981758990357, 0.22609189840181493, 0.5674684072286377, 1.0, 0.7247300054836253, 0.8074620577669965, 0.6453689682582204, 0.7933196526896735]",Method E
Experimental_methods ,start_from_0.5,True,True,True,normed_values_normed_weighted_modulations,16,0.8470953743457564,0.0002576709095989,"[0.27522489927050847, 0.0, 0.12509341343543473, 0.21960260157247327, 0.2970800190676607, 0.3287002978810194, 0.218257809628992, 0.5730199979778439, 1.0, 0.7173947830745625, 0.8185032132653054, 0.6558275274351095, 0.8085613170079335]",Method E
Experimental_methods ,start_from_0.5,True,True,True,normed_values_normed_weighted_modulations,17,0.8435688633767369,0.0002900211923272,"[0.29319252115669, 0.0, 0.12649518598335252, 0.2242858821041263, 0.30684882630635796, 0.3192132020297775, 0.21730417736047714, 0.5868466761718488, 1.0, 0.7359393335388357, 0.8279916020498586, 0.6500790542551744, 0.828366912407711]",Method E
Experimental_methods ,start_from_0.5,True,True,True,normed_values_normed_weighted_modulations,18,0.8473655680657814,0.0002553160463004,"[0.30998337417431926, 0.0, 0.1281600601315802, 0.23045341287968937, 0.32474327621886095, 0.32690229585735986, 0.2372737703608185, 0.593814478731528, 1.0, 0.7320291569301092, 0.8444869531015461, 0.6660644286972888, 0.8412146744452332]",Method E
Experimental_methods ,start_from_0.5,True,True,True,normed_values_normed_weighted_modulations,19,0.8420431314788547,0.0003049800721123,"[0.30241481978468493, 0.0, 0.12216300285538179, 0.22012892918627816, 0.3142452052930149, 0.32584915218647165, 0.20939309809895684, 0.5847516241514026, 1.0, 0.7248669071649396, 0.8402507971201874, 0.6516650937831525, 0.8408199620304049]",Method E
Experimental_methods ,start_from_0.5,True,True,True,normed_values_normed_weighted_modulations,20,0.839525250512153,0.0003310009218606,"[0.32124944656527815, 0.0, 0.12357167902449186, 0.23307239952935754, 0.3123501171395249, 0.30445596838416167, 0.2231133586332552, 0.5928537133382776, 1.0, 0.735302224451792, 0.841385133309793, 0.6491976575661565, 0.8558363282705193]",Method E
Experimental_methods ,start_from_0.5,True,True,True,normed_values_normed_weighted_modulations,21,0.8292864019110737,0.0004555405439775,"[0.34982143674781324, 0.0, 0.13258449929919056, 0.238555610077166, 0.32046249855823455, 0.31918889861938676, 0.22704838208089792, 0.5999524432401887, 1.0, 0.718502651125286, 0.8441117518061343, 0.641754990542233, 0.8554904008095868]",Method E
Experimental_methods ,start_from_0.5,True,True,True,normed_values_normed_weighted_modulations,22,0.8312977470828746,0.0004285446113931,"[0.35139183634195037, 0.0, 0.12819862539471621, 0.23581738308711894, 0.3295168756440904, 0.3244932657690976, 0.22223212382879828, 0.6249874306445519, 1.0, 0.7332289799817896, 0.8716447308217311, 0.641062002172161, 0.8761657444515688]",Method E
Experimental_methods ,start_from_0.5,True,True,True,normed_values_normed_weighted_modulations,23,0.8160115170168101,0.0006693054910159,"[0.38193120401884284, 0.0, 0.1301655030739117, 0.2329110577487596, 0.3212354755009093, 0.3107086681096322, 0.22853726535930055, 0.6213028167669669, 1.0, 0.7092128930212914, 0.8580511948892517, 0.6204495510793923, 0.8749260930581855]",Method E
Experimental_methods ,start_from_0.5,True,True,True,normed_values_normed_weighted_modulations,24,0.8089111285477618,0.0008123541991083,"[0.38655432246544663, 0.0, 0.15086023684154312, 0.24825829513546072, 0.33578450655393866, 0.3186854725423788, 0.23508150206684655, 0.6327291277599464, 1.0, 0.6989446261239572, 0.8584343319390583, 0.6086690990385548, 0.8644351893916326]",Method E
Experimental_methods ,start_from_0.5,True,True,True,normed_values_normed_weighted_modulations,25,0.7998414837629353,0.001028968529277,"[0.3924281945373985, 0.0, 0.139030315063674, 0.24220533079127052, 0.33348025919522195, 0.30503419289492567, 0.21801914797881453, 0.6464054318929809, 1.0, 0.6876514943573659, 0.8556263430601767, 0.5951062662401734, 0.8694499031291443]",Method E
Experimental_methods ,start_from_0.5,True,True,True,normed_values_normed_weighted_modulations,26,0.7936697389367477,0.0012006254292817,"[0.41017952047989853, 0.0, 0.13770071989530752, 0.2383689207080006, 0.3428214658173841, 0.3080973394712522, 0.20958251477437218, 0.6423941086656291, 1.0, 0.6872172018090849, 0.8573610077153415, 0.5939747485799125, 0.8814929071961657]",Method E
Experimental_methods ,start_from_0.5,True,True,True,normed_values_normed_weighted_modulations,27,0.7888871130885435,0.0013484816948844,"[0.42887615333301443, 0.0, 0.14921492051178353, 0.2479736651444732, 0.35177687870595226, 0.3178260219579567, 0.21565459908618512, 0.6559954111796591, 1.0, 0.6885177577528053, 0.87201646171988, 0.5917191640869092, 0.8978600068307975]",Method E
Experimental_methods ,start_from_0.5,True,True,True,normed_values_normed_weighted_modulations,28,0.7814992062172088,0.0016045398013992,"[0.43769227090262147, 0.0, 0.15972341793453823, 0.2592088682361893, 0.35220054475828516, 0.321306658040227, 0.21587290648532106, 0.6646484300944041, 1.0, 0.6824421411152239, 0.8807732452040266, 0.5788906782066672, 0.9042935903656442]",Method E
Experimental_methods ,start_from_0.5,True,True,True,normed_values_normed_weighted_modulations,29,0.7811245453442476,0.0016184701407767,"[0.4442190314977679, 0.0, 0.16052218746492977, 0.26545955766627854, 0.36610569498364953, 0.3214020281278991, 0.22053938623294073, 0.6793648412317297, 1.0, 0.6916717884610537, 0.9021639549164653, 0.5793281819206195, 0.9154157629598605]",Method E
Experimental_methods ,start_from_0.5,True,True,True,normed_values_normed_weighted_modulations,30,0.7710882704354132,0.002028245606156,"[0.4780961599860561, 0.0, 0.1704374162429066, 0.2789533449395217, 0.37853170050534096, 0.3224219258229432, 0.23358533267297688, 0.6837731543613815, 1.0, 0.69611894050039, 0.908727732401449, 0.5811759190355352, 0.9242253731614835]",Method E
Experimental_methods ,start_from_0.5,True,True,True,normed_values_normed_weighted_modulations,31,0.7684449094501464,0.0021485665340711,"[0.47724745353351805, 0.0, 0.17962847144225624, 0.29035360811252386, 0.39307154590929017, 0.32666871679307735, 0.24014697890256326, 0.6953043360957961, 1.0, 0.6955820559501998, 0.9098546693224506, 0.5755733311862226, 0.9223733477190544]",Method E
Experimental_methods ,start_from_0.5,True,True,True,normed_values_normed_weighted_modulations,32,0.7615903138844388,0.002486596141381,"[0.4940517685084168, 0.0, 0.1840972959293266, 0.29233179202748266, 0.39908287278316457, 0.3218350502903032, 0.23833076173999845, 0.7015327379587728, 1.0, 0.6913221788179318, 0.9293787337398609, 0.5741005821177386, 0.93495830239639]",Method E
Experimental_methods ,start_from_0.5,True,True,False,normed_values_only_modulations,2,0.3237591338807235,0.2805363468077093,"[0.0, 0.0, 1.0, 1.0, 1.0, 0.3333333333333332, 1.0, 1.0, 1.0, 0.3333333333333332, 1.0, 0.3333333333333332, 1.0]",Method D
Experimental_methods ,start_from_0.5,True,True,False,normed_values_only_modulations,3,0.4101085696736626,0.1639769302464583,"[0.2666666666666668, 0.0, 0.46666666666666673, 0.6000000000000002, 0.6000000000000002, 0.19999999999999976, 0.5999999999999999, 0.6000000000000002, 0.5999999999999999, 0.19999999999999976, 0.6000000000000002, 0.19999999999999976, 1.0]",Method D
Experimental_methods ,start_from_0.5,True,True,False,normed_values_only_modulations,4,0.3479340733907295,0.2440403213478902,"[0.30555555555555564, 0.0, 0.6388888888888894, 0.6666666666666666, 0.7500000000000004, 0.2500000000000001, 0.7500000000000001, 0.6666666666666666, 0.7500000000000004, 0.2500000000000001, 0.6666666666666666, 0.2500000000000001, 1.0]",Method D
Experimental_methods ,start_from_0.5,True,True,False,normed_values_only_modulations,5,0.4208346845376431,0.1521488884534254,"[0.37155963302752304, 0.0, 0.5642201834862384, 0.5871559633027523, 0.7385321100917429, 0.24311926605504572, 0.7110091743119265, 0.7247706422018348, 0.6559633027522934, 0.2981651376146788, 0.7247706422018346, 0.2981651376146788, 1.0]",Method D
Experimental_methods ,start_from_0.5,True,True,False,normed_values_only_modulations,6,0.3870117179040253,0.1914113418070506,"[0.45149253731343286, 0.0, 0.4962686567164177, 0.5522388059701492, 0.6753731343283581, 0.19776119402985118, 0.6529850746268654, 0.626865671641791, 0.608208955223881, 0.24253731343283597, 0.6641791044776117, 0.2798507462686564, 1.0]",Method D
Experimental_methods ,start_from_0.5,True,True,False,normed_values_only_modulations,7,0.3525104285547179,0.2374703328452622,"[0.4716157205240174, 0.0, 0.5026686074721008, 0.6215429403202325, 0.7336244541484718, 0.23095584667637067, 0.6453178068898595, 0.689471130519166, 0.5754488112566719, 0.27171276079572987, 0.7234352256186324, 0.25473071324599716, 1.0]",Method D
Experimental_methods ,start_from_0.5,True,True,False,normed_values_only_modulations,8,0.3449678740341107,0.248356396783538,"[0.5049869904596703, 0.0, 0.5175628794449263, 0.6010407632263661, 0.72398091934085, 0.2291847354726798, 0.6222896790980047, 0.722463139635733, 0.5826105810928012, 0.2656114483954895, 0.7528187337380746, 0.2504336513443191, 1.0]",Method D
Experimental_methods ,start_from_0.5,True,True,False,normed_values_only_modulations,9,0.3225335821468175,0.2824664169331201,"[0.540952994204765, 0.0, 0.4755312298776561, 0.5904700579523501, 0.6999999999999997, 0.236638763683194, 0.5868641339343208, 0.6986477784932386, 0.5920798454603993, 0.25106245975531216, 0.7076625885383127, 0.22311654861558275, 1.0]",Method D
Experimental_methods ,start_from_0.5,True,True,False,normed_values_only_modulations,10,0.3259722561947024,0.2770704634733096,"[0.5532076797003043, 0.0, 0.48636150784359605, 0.5908452353078905, 0.712538047295715, 0.2396979630063214, 0.6023179583235774, 0.726059470849918, 0.5775579489580892, 0.26756029033013334, 0.7195036291266682, 0.2421564036525402, 1.0]",Method D
Experimental_methods ,start_from_0.5,True,True,False,normed_values_only_modulations,11,0.3176910083924606,0.2901678441141967,"[0.5675374291172026, 0.0, 0.4675464301073115, 0.5934552800808087, 0.7078128594145358, 0.23575093260258628, 0.5639120303233357, 0.7205192571182832, 0.5809689065797233, 0.25143265759233535, 0.7364110052105729, 0.22756003160347624, 1.0]",Method D
Experimental_methods ,start_from_0.5,True,True,False,normed_values_only_modulations,12,0.3058672726562096,0.3094731428809509,"[0.5940371796161339, 0.0, 0.45614524373405546, 0.5966112233794499, 0.7117299585775553, 0.23365276469673846, 0.5548138733186423, 0.7022247419098218, 0.5704090123535818, 0.24799059993964964, 0.7273159535849155, 0.23672515796307675, 1.0]",Method D
Experimental_methods ,start_from_0.5,True,True,False,normed_values_only_modulations,13,0.2986205189861089,0.3216546812233244,"[0.6026213381431608, 0.0, 0.47747298824730505, 0.608667674225107, 0.7070826584432733, 0.249937342391067, 0.5499005854503616, 0.7127735788876546, 0.5841949096728569, 0.2464186618831185, 0.7453141470205367, 0.2358967823059514, 1.0]",Method D
Experimental_methods ,start_from_0.5,True,True,False,normed_values_only_modulations,14,0.2882543380644685,0.3395370084403896,"[0.6195264285978249, 0.0, 0.4852881216048091, 0.618853549475862, 0.7031919414641363, 0.25611750286397095, 0.553189785787315, 0.7164539732203346, 0.5694876264150476, 0.25281870142028307, 0.7691559601384562, 0.22908254394501157, 1.0]",Method D
Experimental_methods ,start_from_0.5,True,True,False,normed_values_only_modulations,15,0.2730134850428225,0.3667928526400053,"[0.6412492940344644, 0.0, 0.4832837524118974, 0.6161992412594572, 0.706186218100884, 0.2592250276941752, 0.5463120650780448, 0.7256669468750951, 0.5696518301385222, 0.25001067115000164, 0.7683840684811981, 0.22065382934580774, 1.0]",Method D
Experimental_methods ,start_from_0.5,True,True,False,normed_values_only_modulations,16,0.2559309404758129,0.3986785256690695,"[0.6764191915048066, 0.0, 0.4865737064535819, 0.6219395651998567, 0.7143969661613508, 0.26569687479574855, 0.5406806389751474, 0.7434967020772113, 0.5836187175718163, 0.2506068094491777, 0.7844129168990212, 0.21761548292353222, 1.0]",Method D
Experimental_methods ,start_from_0.5,True,True,False,normed_values_only_modulations,17,0.2448030157438532,0.4201900009887768,"[0.6853206168903467, 0.0, 0.49126469321350613, 0.6342262108362364, 0.7169003437394812, 0.26271105729446603, 0.5309759381113309, 0.7446931813163812, 0.5783204020980951, 0.24892435896951115, 0.7940951491234195, 0.21178379261362826, 1.0]",Method D
Experimental_methods ,start_from_0.5,True,True,False,normed_values_only_modulations,18,0.2377426237071977,0.4341341322023352,"[0.7015989350025167, 0.0, 0.4882241411747854, 0.6351369881210785, 0.7265020660975481, 0.26645057002030564, 0.5309241103647994, 0.7478142031443019, 0.5871661597680852, 0.24833407442959493, 0.7946606144373314, 0.21412338032534123, 1.0]",Method D
Experimental_methods ,start_from_0.5,True,True,False,normed_values_only_modulations,19,0.2147867954248031,0.4810058727235033,"[0.7256762129028119, 0.0, 0.49472434501908513, 0.6433579678883274, 0.7272102559925007, 0.2701890644908342, 0.5216814603121168, 0.7604071879072271, 0.5859142243871173, 0.2438542346844339, 0.8011471175735595, 0.1981061143156431, 1.0]",Method D
Experimental_methods ,start_from_0.5,True,True,False,normed_values_only_modulations,20,0.2154286308200176,0.4796642978028159,"[0.7342066074546411, 0.0, 0.494770923529745, 0.6416345201124076, 0.7320768153585959, 0.2722656010156721, 0.5246693679103014, 0.7595427513308289, 0.5868547520992844, 0.25134353455237196, 0.810368995749174, 0.20009613600515136, 1.0]",Method D
Experimental_methods ,start_from_0.5,True,True,False,normed_values_only_modulations,21,0.2056394422695125,0.5003139183324438,"[0.7441319359142309, 0.0, 0.4907405475758599, 0.6449293094719243, 0.7281514685781089, 0.27615979719112005, 0.5152954190448659, 0.7646791550921244, 0.5793857570148909, 0.24868272386302215, 0.813607432200642, 0.18878127660673374, 1.0]",Method D
Experimental_methods ,start_from_0.5,True,True,False,normed_values_only_modulations,22,0.1986899677709678,0.515213471052311,"[0.7642393095644728, 0.0, 0.4930675041335299, 0.6460898172741031, 0.7350417383503853, 0.27540277326245577, 0.5132208864563839, 0.7702869134352119, 0.5863868938828642, 0.24948033017260696, 0.823691150773988, 0.19168206267016571, 1.0]",Method D
Experimental_methods ,start_from_0.5,True,True,False,normed_values_only_modulations,23,0.1958044400237725,0.5214572748184206,"[0.7695529191655165, 0.0, 0.49607488160415986, 0.6445096174587835, 0.7385628976455906, 0.27950661709128716, 0.5086739626188241, 0.775788327812385, 0.5827374078939127, 0.24827434098935094, 0.8333668025127737, 0.19006904248138873, 1.0]",Method D
Experimental_methods ,start_from_0.5,True,True,False,normed_values_only_modulations,24,0.1948390260570545,0.5235536784195274,"[0.773096053226307, 0.0, 0.4892122846746606, 0.6422387089594974, 0.7323995596038326, 0.2786097758186723, 0.5012899480944029, 0.7730794041829372, 0.5758301613578347, 0.24313713307505747, 0.8312719740683077, 0.19033768372897222, 1.0]",Method D
Experimental_methods ,start_from_0.5,True,True,False,normed_values_only_modulations,25,0.1877703125463706,0.5390150752421374,"[0.785988759958018, 0.0, 0.48941561016416246, 0.6412930935822343, 0.7328689534898263, 0.279469169110075, 0.4981012729332344, 0.772299822058787, 0.57971224585174, 0.2397225770845944, 0.8364523590675097, 0.18635301751223363, 1.0]",Method D
Experimental_methods ,start_from_0.5,True,True,False,normed_values_only_modulations,26,0.1850868945943841,0.5449352524963855,"[0.7892358766244828, 0.0, 0.49437767388507287, 0.6463835418074639, 0.7317888845066819, 0.2845131525311216, 0.49714049768197105, 0.7737941868178856, 0.5811302791829338, 0.24154204680795402, 0.8402951212379677, 0.1858016258913333, 1.0]",Method D
Experimental_methods ,start_from_0.5,True,True,False,normed_values_only_modulations,27,0.1838520881655294,0.5476687371404455,"[0.7919629394581271, 0.0, 0.4898989871223607, 0.639477692789824, 0.730103855347455, 0.2849378712558477, 0.487594426811116, 0.7746791744889427, 0.5789425916173633, 0.23888432801267231, 0.8364174786068376, 0.1832166256518538, 1.0]",Method D
Experimental_methods ,start_from_0.5,True,True,False,normed_values_only_modulations,28,0.1764751869954942,0.5641184689812213,"[0.8032321982103053, 0.0, 0.4955111418583842, 0.6411234978452689, 0.734582696979958, 0.2877243962316983, 0.48846675368852616, 0.7777540728079192, 0.577281562350141, 0.2411849313961914, 0.8415696702578007, 0.18112611861590094, 1.0]",Method D
Experimental_methods ,start_from_0.5,True,True,False,normed_values_only_modulations,29,0.1701481891780221,0.5783867066189455,"[0.815247982497089, 0.0, 0.49598717575755435, 0.6432733265177774, 0.732139198103412, 0.2832357725524688, 0.4847813005844529, 0.7817940916826162, 0.5781601502543541, 0.24003776314508302, 0.841807286746758, 0.179875358030716, 1.0]",Method D
Experimental_methods ,start_from_0.5,True,True,False,normed_values_only_modulations,30,0.1661959418489615,0.5873724290211354,"[0.8190877140603191, 0.0, 0.49504602196494, 0.6442065967868429, 0.731262905893255, 0.2828014474035765, 0.48194547641959, 0.7847191300583821, 0.5746367753045003, 0.2372747350863842, 0.8408805022018452, 0.17749950860653482, 1.0]",Method D
Experimental_methods ,start_from_0.5,True,True,False,normed_values_only_modulations,31,0.1600930896507541,0.6013549667462519,"[0.8292673977317409, 0.0, 0.4962632613956242, 0.6465980832798891, 0.7333805061476568, 0.2836356529079492, 0.4796475127781443, 0.7866115577982166, 0.5761604894880791, 0.2358383208401319, 0.84662943315704, 0.17432909703284044, 1.0]",Method D
Experimental_methods ,start_from_0.5,True,True,False,normed_values_only_modulations,32,0.1541155649133621,0.6151732646229585,"[0.8392975044057915, 0.0, 0.49824694650148643, 0.6451852317416777, 0.735780591835151, 0.283891949290092, 0.4765742354113153, 0.7887993943546862, 0.5800762677194025, 0.23403688136244716, 0.8490128894203691, 0.17100850835254375, 1.0]",Method D
Experimental_methods ,start_from_0.5,True,False,True,normed_values_normed_weighted_modulations,2,0.8879980233650883,5.048092524476688e-05,"[0.0, 0.0, 0.0, 0.0, 0.0, 0.2916666666666667, 0.0, 0.4375, 0.9375000000000001, 1.0, 0.8437500000000001, 1.0, 0.8437500000000001]",Method C
Experimental_methods ,start_from_0.5,True,False,True,normed_values_normed_weighted_modulations,3,0.9044154141518158,2.1810150995094134e-05,"[0.0, 0.0, 0.0, 0.2, 0.27999999999999997, 0.5485714285714286, 0.33999999999999997, 0.5599999999999999, 1.0, 0.8685714285714285, 0.74, 0.7085714285714284, 0.8355555555555556]",Method C
Experimental_methods ,start_from_0.5,True,False,True,normed_values_normed_weighted_modulations,4,0.9245068742335556,6.197189094795316e-06,"[0.0, 0.0, 0.12378426171529622, 0.21043324491600357, 0.2758620689655173, 0.4157088122605364, 0.2758620689655173, 0.557029177718833, 1.0, 0.7375478927203066, 0.7550839964633069, 0.7777777777777779, 0.8505747126436783]",Method C
Experimental_methods ,start_from_0.5,True,False,True,normed_values_normed_weighted_modulations,5,0.8249052919099796,0.0005190084496869,"[0.0, 0.0, 0.16551559895213155, 0.2321981424148607, 0.05882352941176472, 0.15334338863750627, 0.1346692523163112, 0.49321266968325794, 1.0, 0.7180281019290308, 0.728506787330317, 0.5560847820909741, 0.6862745098039217]",Method C
Experimental_methods ,start_from_0.5,True,False,True,normed_values_normed_weighted_modulations,6,0.8294019903340017,0.0004539535759338,"[0.1055931041238123, 0.0, 0.2341825086462171, 0.31236055332440876, 0.20922715251248897, 0.37684396121069647, 0.26329709080223324, 0.5576778659352859, 1.0, 0.7291304052984922, 0.7296503085512783, 0.5296416016368999, 0.7364090508374963]",Method C
Experimental_methods ,start_from_0.5,True,False,True,normed_values_normed_weighted_modulations,7,0.7901588161377722,0.0013078456318017,"[0.2544742729306488, 0.0, 0.13806327900287632, 0.2558800411149405, 0.21523607676910397, 0.3758389261744969, 0.23713646532438484, 0.49579781123405314, 1.0, 0.5739852988175138, 0.6532438478747205, 0.518504314477469, 0.7457121551081285]",Method C
Experimental_methods ,start_from_0.5,True,False,True,normed_values_normed_weighted_modulations,8,0.7998512319900871,0.0010287136113557,"[0.21752545510644866, 0.0, 0.1603593451654302, 0.24550035997120237, 0.23409882311455893, 0.33529681261862687, 0.2312215022798176, 0.5244780417566595, 1.0, 0.5045516358691303, 0.6650063913254286, 0.5647068234541236, 0.7132901367890567]",Method C
Experimental_methods ,start_from_0.5,True,False,True,normed_values_normed_weighted_modulations,9,0.8171102510638055,0.0006490744431817,"[0.23984497824576806, 0.0, 0.13647148473355153, 0.22509634636728176, 0.3849411206231558, 0.353499741456306, 0.40144784468575184, 0.5804540967423494, 1.0, 0.4793635124336013, 0.6811451135241853, 0.5392986414704085, 0.8542910418527396]",Method C
Experimental_methods ,start_from_0.5,True,False,True,normed_values_normed_weighted_modulations,10,0.7688903554645765,0.0021279104889415,"[0.3301577761081895, 0.0, 0.11135773317591498, 0.26214876033057855, 0.3499486263122626, 0.25009236752552244, 0.349948626312263, 0.5443823989278535, 1.0, 0.56201221703198, 0.688210121136647, 0.471117499101689, 0.8108790383170548]",Method C
Experimental_methods ,start_from_0.5,True,False,True,normed_values_normed_weighted_modulations,11,0.7368778703723229,0.0040606498345061,"[0.45223265399587825, 0.0, 0.13439541147349696, 0.24585909472559345, 0.4180665512281851, 0.20942545811993513, 0.3560796885733916, 0.6052003921134762, 1.0, 0.5454186795269008, 0.8261652476216249, 0.5028541001652592, 0.8653139654125306]",Method C
Experimental_methods ,start_from_0.5,True,False,True,normed_values_normed_weighted_modulations,12,0.726724375414702,0.0048942311963659,"[0.40423207638776504, 0.0, 0.20659908683860786, 0.32027836219453015, 0.543798685138647, 0.34215158426529524, 0.4125262987538437, 0.6526697125499521, 1.0, 0.5007613014456475, 0.825774646133928, 0.46421653008479363, 0.9155915790536459]",Method C
Experimental_methods ,start_from_0.5,True,False,True,normed_values_normed_weighted_modulations,13,0.7196668321275873,0.0055471070762945,"[0.49798643493005534, 0.0, 0.2560678688275128, 0.3488240920126544, 0.5606861113121522, 0.31735124160549755, 0.39098664688427304, 0.6851901807391424, 0.9888540108394444, 0.5900749648602218, 0.8958019166220755, 0.4849954844536191, 1.0]",Method C
Experimental_methods ,start_from_0.5,True,False,True,normed_values_normed_weighted_modulations,14,0.6641644331237748,0.0132916782496978,"[0.5593647228683728, 0.0, 0.27471085757904135, 0.3779466044325275, 0.5880731751208534, 0.31666859769049527, 0.3596538827332294, 0.6497194498237254, 1.0, 0.5365156606032522, 0.9768978836522787, 0.46811879658594974, 0.9948148042338624]",Method C
Experimental_methods ,start_from_0.5,True,False,True,normed_values_normed_weighted_modulations,15,0.5943551504500324,0.0321778347331258,"[0.6541626794258371, 0.0, 0.2920203735144309, 0.4720992822966505, 0.5621266605248297, 0.28647929275325557, 0.39767084950798964, 0.6860530773574249, 0.9621161649809216, 0.5595551189834912, 0.9712623309114534, 0.40586921850079716, 1.0]",Method C
Experimental_methods ,start_from_0.5,True,False,True,normed_values_normed_weighted_modulations,16,0.5724585939632887,0.0408941954444817,"[0.7013961870007289, 0.0, 0.30895076702707697, 0.44525378063219645, 0.5782595873334739, 0.3442176388288923, 0.3626641038865565, 0.6901625204583477, 0.9388978734764707, 0.5239441285652598, 0.9738526737462982, 0.424711209684872, 1.0]",Method C
Experimental_methods ,start_from_0.5,True,False,True,normed_values_normed_weighted_modulations,17,0.5222408192936019,0.0671293871348639,"[0.7295352868531003, 0.0, 0.3167455910888962, 0.44837936973824033, 0.5971649583655474, 0.29854496221742705, 0.345683140097899, 0.6933041403702342, 0.8574141118523815, 0.522777473843787, 0.9500365238771135, 0.36391046054847637, 1.0]",Method C
Experimental_methods ,start_from_0.5,True,False,True,normed_values_normed_weighted_modulations,18,0.5139995580934221,0.0723521334189886,"[0.7489220362253034, 0.0, 0.30931516083503624, 0.4547015557832185, 0.6276229616058144, 0.30636745475015154, 0.39347882566900483, 0.6918736656613234, 0.821067432126658, 0.4867135529010854, 0.9533105242380379, 0.3882073994216241, 1.0]",Method C
Experimental_methods ,start_from_0.5,True,False,True,normed_values_normed_weighted_modulations,19,0.4891219858647153,0.0898291665807712,"[0.7402980090168853, 0.0, 0.3020223300282831, 0.44364008035808694, 0.611032055122828, 0.31015085104919493, 0.3151435380026198, 0.6853904533652889, 0.8136830659299205, 0.4629510317354868, 0.9537272818054726, 0.33929786434584797, 1.0]",Method C
Experimental_methods ,start_from_0.5,True,False,True,normed_values_normed_weighted_modulations,20,0.4650246302479032,0.1093353295658415,"[0.7698074585812061, 0.0, 0.29818589816320584, 0.46993527925801576, 0.5949700043330463, 0.238835430545275, 0.35035418387524675, 0.6960521319467409, 0.7854027658702055, 0.48028155244891974, 0.9356451051831778, 0.3204362125212577, 1.0]",Method C
Experimental_methods ,start_from_0.5,True,False,True,normed_values_normed_weighted_modulations,21,0.4009436513578198,0.1745399229809362,"[0.8339805398434982, 0.0, 0.3293326575855882, 0.4830735527459355, 0.6100033063044709, 0.2866632728727975, 0.36072536560733587, 0.7150378834140884, 0.7795850515359479, 0.43218143941146814, 0.9398559157946775, 0.3006068970166357, 1.0]",Method C
Experimental_methods ,start_from_0.5,True,False,True,normed_values_normed_weighted_modulations,22,0.4079647637969592,0.166409907775212,"[0.8074944918406385, 0.0, 0.3093737270180307, 0.46138918716255883, 0.6166476605175109, 0.28719491449754936, 0.33640904059331733, 0.7442354529740428, 0.729739004166948, 0.4347769107886201, 0.9626020841179698, 0.2719523764783977, 1.0]",Method C
Experimental_methods ,start_from_0.5,True,False,True,normed_values_normed_weighted_modulations,23,0.3483676430323558,0.2434132404655341,"[0.8684506801995828, 0.0, 0.3149901672622697, 0.4531847990235629, 0.5960477714848564, 0.2592048889758814, 0.3555560254593902, 0.7396741911057448, 0.7446826309735443, 0.3856099214768481, 0.9339245621912888, 0.23464936683506582, 1.0]",Method C
Experimental_methods ,start_from_0.5,True,False,True,normed_values_normed_weighted_modulations,24,0.318043749025415,0.2896028194632363,"[0.8825479295474614, 0.0, 0.37607716230358673, 0.506005729169568, 0.6414264380664695, 0.2920289202614558, 0.3808899982292492, 0.7940392826972552, 0.7839285461252518, 0.3849218594598507, 0.9556336614059894, 0.2336609719578488, 1.0]",Method C
Experimental_methods ,start_from_0.5,True,False,True,normed_values_normed_weighted_modulations,25,0.2705494751655229,0.3713057502878983,"[0.9069917371766012, 0.0, 0.3547084988463641, 0.5002413158890203, 0.6490611186627936, 0.25478208126021923, 0.3355614757022901, 0.8336846157681033, 0.7685402345329556, 0.3377797283836162, 0.9396750208372874, 0.1794895987779125, 1.0]",Method C
Experimental_methods ,start_from_0.5,True,False,True,normed_values_normed_weighted_modulations,26,0.2702984548087315,0.3717671475841123,"[0.9093548425938791, 0.0, 0.3400773433103539, 0.47390092935831707, 0.6442157923595375, 0.2565202908502291, 0.30129149481166245, 0.7976211208918979, 0.7468010643325622, 0.3326098895800732, 0.9216618616648222, 0.1797132573158911, 1.0]",Method C
Experimental_methods ,start_from_0.5,True,False,True,normed_values_normed_weighted_modulations,27,0.2487424455925726,0.4125089363023496,"[0.9232522864176897, 0.0, 0.3599344501951166, 0.484433322076858, 0.6432965536183233, 0.27646719093720284, 0.30999628306865395, 0.8056329002875957, 0.717725746794571, 0.32469664752387534, 0.9205933487874473, 0.1695666790844742, 1.0]",Method C
Experimental_methods ,start_from_0.5,True,False,True,normed_values_normed_weighted_modulations,28,0.2259271842537238,0.4579708680195017,"[0.9254933910190899, 0.0, 0.38349173948460014, 0.5124310771228713, 0.6372325439376104, 0.28473903470424616, 0.3100887524017007, 0.816469386295286, 0.7132479832806885, 0.3105005892803303, 0.9360833946624315, 0.14221188203183294, 1.0]",Method C
Experimental_methods ,start_from_0.5,True,False,True,normed_values_normed_weighted_modulations,29,0.2240707141720874,0.4617722206340639,"[0.9252674957268413, 0.0, 0.3799305900078087, 0.5264962206591243, 0.6644947234194271, 0.2774620006726365, 0.31574837422095986, 0.835513276993843, 0.6895450609364073, 0.3226610955610611, 0.9618006186644946, 0.13724829745424671, 1.0]",Method C
Experimental_methods ,start_from_0.5,True,False,True,normed_values_normed_weighted_modulations,30,0.2011834093242431,0.5098450066368017,"[0.9758493222618485, 0.0, 0.39688088260401794, 0.5449174710290435, 0.6768677175302253, 0.2779848726046202, 0.3424933027941052, 0.8294764895131125, 0.6842238967849568, 0.33770872115513556, 0.9593218845029453, 0.15321932608767325, 1.0]",Method C
Experimental_methods ,start_from_0.5,True,False,True,normed_values_normed_weighted_modulations,31,0.1879478462743948,0.5386243748696472,"[0.9744604032959776, 0.0, 0.4234516378142172, 0.5818618210149452, 0.7160158184752309, 0.29314462970728405, 0.36174893279170334, 0.867076833369752, 0.6951425101108507, 0.3441819632191298, 0.9751426161206139, 0.14947663640105807, 1.0]",Method C
Experimental_methods ,start_from_0.5,True,False,True,normed_values_normed_weighted_modulations,32,0.1792833015230444,0.5578327197568299,"[0.9854081265540123, 0.0, 0.4235969715185777, 0.5726839456879995, 0.7059163835691736, 0.2726578166454965, 0.3488813951622137, 0.8589837684380555, 0.6753911420924252, 0.3211643973576155, 0.9917217490760156, 0.14142071158772299, 1.0]",Method C
Experimental_methods ,start_from_0.5,True,False,False,normed_values_only_modulations,2,0.4134883848149784,0.1601879853485839,"[0.0, 0.0, 1.0, 1.0, 1.0, 0.5, 1.0, 1.0, 1.0, 0.5, 1.0, 0.5, 1.0]",Method B
Experimental_methods ,start_from_0.5,True,False,False,normed_values_only_modulations,3,0.6099375455928331,0.0268627085911498,"[0.0, 0.0, 0.3333333333333333, 0.6666666666666666, 0.6666666666666666, 0.3333333333333333, 0.6666666666666666, 0.6666666666666666, 0.6666666666666666, 0.3333333333333333, 0.6666666666666666, 0.3333333333333333, 1.0]",Method B
Experimental_methods ,start_from_0.5,True,False,False,normed_values_only_modulations,4,0.4937707198786939,0.0863628375609726,"[0.0, 0.0, 0.75, 0.75, 1.0, 0.5, 1.0, 0.75, 1.0, 0.5, 0.75, 0.5, 1.0]",Method B
Experimental_methods ,start_from_0.5,True,False,False,normed_values_only_modulations,5,0.6798187391677779,0.0105765166705139,"[0.0, 0.0, 0.6, 0.6, 0.8, 0.4, 1.0, 0.8, 0.8, 0.6, 0.8, 0.6, 1.0]",Method B
Experimental_methods ,start_from_0.5,True,False,False,normed_values_only_modulations,6,0.686243566496721,0.0095931967367401,"[0.14285714285714285, 0.0, 0.42857142857142855, 0.5714285714285714, 0.7142857142857143, 0.2857142857142857, 0.8571428571428571, 0.5714285714285714, 0.7142857142857143, 0.42857142857142855, 0.7142857142857143, 0.5714285714285714, 1.0]",Method B
Experimental_methods ,start_from_0.5,True,False,False,normed_values_only_modulations,7,0.5922944824879095,0.0329342747793657,"[0.125, 0.0, 0.5, 0.75, 0.875, 0.375, 0.875, 0.75, 0.625, 0.5, 0.875, 0.5, 1.0]",Method B
Experimental_methods ,start_from_0.5,True,False,False,normed_values_only_modulations,8,0.5806940095632105,0.0374370958772562,"[0.2, 0.0, 0.6, 0.7, 0.9, 0.4, 0.8, 0.8, 0.7, 0.5, 0.9, 0.5, 1.0]",Method B
Experimental_methods ,start_from_0.5,True,False,False,normed_values_only_modulations,9,0.5483757748601416,0.052324472787874,"[0.25, 0.0, 0.5, 0.6666666666666666, 0.8333333333333334, 0.4166666666666667, 0.75, 0.75, 0.75, 0.4166666666666667, 0.75, 0.4166666666666667, 1.0]",Method B
Experimental_methods ,start_from_0.5,True,False,False,normed_values_only_modulations,10,0.5665938328543396,0.0434929676523479,"[0.26666666666666666, 0.0, 0.5333333333333333, 0.6666666666666666, 0.8, 0.4, 0.8, 0.8, 0.6666666666666666, 0.4666666666666667, 0.7333333333333333, 0.4666666666666667, 1.0]",Method B
Experimental_methods ,start_from_0.5,True,False,False,normed_values_only_modulations,11,0.5624847840964701,0.0453833057196698,"[0.25, 0.0, 0.5, 0.6875, 0.8125, 0.375, 0.6875, 0.8125, 0.6875, 0.4375, 0.75, 0.4375, 1.0]",Method B
Experimental_methods ,start_from_0.5,True,False,False,normed_values_only_modulations,12,0.5542047068934521,0.0493708946383124,"[0.3157894736842105, 0.0, 0.47368421052631576, 0.6842105263157895, 0.8421052631578947, 0.3684210526315789, 0.6842105263157895, 0.7368421052631579, 0.6842105263157895, 0.42105263157894735, 0.7368421052631579, 0.47368421052631576, 1.0]",Method B
Experimental_methods ,start_from_0.5,True,False,False,normed_values_only_modulations,13,0.5264895497665807,0.0645430961290019,"[0.3181818181818182, 0.0, 0.5454545454545454, 0.7272727272727273, 0.8181818181818182, 0.4090909090909091, 0.6818181818181818, 0.7272727272727273, 0.7272727272727273, 0.4090909090909091, 0.7727272727272727, 0.45454545454545453, 1.0]",Method B
Experimental_methods ,start_from_0.5,True,False,False,normed_values_only_modulations,14,0.4997865437061191,0.0820156368781696,"[0.36, 0.0, 0.6, 0.76, 0.8, 0.44, 0.72, 0.76, 0.68, 0.44, 0.84, 0.44, 1.0]",Method B
Experimental_methods ,start_from_0.5,True,False,False,normed_values_only_modulations,15,0.4625111122499417,0.1115219602114739,"[0.4074074074074074, 0.0, 0.5925925925925926, 0.7777777777777778, 0.8148148148148148, 0.4444444444444444, 0.7407407407407407, 0.8148148148148148, 0.7037037037037037, 0.4444444444444444, 0.8518518518518519, 0.4074074074074074, 1.0]",Method B
Experimental_methods ,start_from_0.5,True,False,False,normed_values_only_modulations,16,0.4263471873157269,0.1462921796545461,"[0.4827586206896552, 0.0, 0.6206896551724138, 0.7931034482758621, 0.8620689655172413, 0.4827586206896552, 0.7241379310344828, 0.8620689655172413, 0.7586206896551724, 0.4482758620689655, 0.896551724137931, 0.41379310344827586, 1.0]",Method B
Experimental_methods ,start_from_0.5,True,False,False,normed_values_only_modulations,17,0.3894546870102127,0.18838153263326,"[0.4838709677419355, 0.0, 0.6451612903225806, 0.8387096774193549, 0.8709677419354839, 0.45161290322580644, 0.7096774193548387, 0.8709677419354839, 0.7419354838709677, 0.45161290322580644, 0.9032258064516129, 0.3870967741935484, 1.0]",Method B
Experimental_methods ,start_from_0.5,True,False,False,normed_values_only_modulations,18,0.3711316186967651,0.2118507601210871,"[0.5294117647058824, 0.0, 0.6470588235294118, 0.8529411764705882, 0.9117647058823529, 0.47058823529411764, 0.7352941176470589, 0.8823529411764706, 0.7941176470588235, 0.4411764705882353, 0.9117647058823529, 0.4117647058823529, 1.0]",Method B
Experimental_methods ,start_from_0.5,True,False,False,normed_values_only_modulations,19,0.296953339646463,0.3244944767568967,"[0.5714285714285714, 0.0, 0.6857142857142857, 0.8857142857142857, 0.9142857142857143, 0.4857142857142857, 0.7142857142857143, 0.9142857142857143, 0.8, 0.42857142857142855, 0.9142857142857143, 0.34285714285714286, 1.0]",Method B
Experimental_methods ,start_from_0.5,True,False,False,normed_values_only_modulations,20,0.3072177591744232,0.3072322817692638,"[0.5897435897435898, 0.0, 0.6923076923076923, 0.8717948717948718, 0.9230769230769231, 0.48717948717948717, 0.7435897435897436, 0.8974358974358975, 0.7948717948717948, 0.46153846153846156, 0.9230769230769231, 0.358974358974359, 1.0]",Method B
Experimental_methods ,start_from_0.5,True,False,False,normed_values_only_modulations,21,0.2773483447907353,0.3589249389534139,"[0.6097560975609756, 0.0, 0.6829268292682927, 0.9024390243902439, 0.926829268292683, 0.5121951219512195, 0.7317073170731707, 0.926829268292683, 0.7804878048780488, 0.4634146341463415, 0.9512195121951219, 0.3170731707317073, 1.0]",Method B
Experimental_methods ,start_from_0.5,True,False,False,normed_values_only_modulations,22,0.2677594736597467,0.3764510858876589,"[0.6590909090909091, 0.0, 0.7045454545454546, 0.9090909090909091, 0.9545454545454546, 0.5, 0.7272727272727273, 0.9545454545454546, 0.8181818181818182, 0.4772727272727273, 0.9772727272727273, 0.3409090909090909, 1.0]",Method B
Experimental_methods ,start_from_0.5,True,False,False,normed_values_only_modulations,23,0.2665051972805831,0.3787764263972463,"[0.6595744680851063, 0.0, 0.723404255319149, 0.8936170212765957, 0.9574468085106383, 0.5106382978723404, 0.723404255319149, 0.9787234042553191, 0.8085106382978723, 0.46808510638297873, 1.0, 0.3404255319148936, 1.0]",Method B
Experimental_methods ,start_from_0.5,True,False,False,normed_values_only_modulations,24,0.2799520062819942,0.3542432441847767,"[0.6538461538461539, 0.0, 0.6923076923076923, 0.8653846153846154, 0.9230769230769231, 0.5, 0.6923076923076923, 0.9423076923076923, 0.7692307692307693, 0.4423076923076923, 0.9807692307692307, 0.34615384615384615, 1.0]",Method B
Experimental_methods ,start_from_0.5,True,False,False,normed_values_only_modulations,25,0.2644790104529143,0.3825487616117541,"[0.6727272727272727, 0.0, 0.6909090909090909, 0.8545454545454545, 0.9090909090909091, 0.4909090909090909, 0.6909090909090909, 0.9272727272727272, 0.7818181818181819, 0.41818181818181815, 0.9818181818181818, 0.32727272727272727, 1.0]",Method B
Experimental_methods ,start_from_0.5,True,False,False,normed_values_only_modulations,26,0.2576772662113646,0.3953551950936669,"[0.6721311475409836, 0.0, 0.7049180327868853, 0.8688524590163934, 0.9016393442622951, 0.5081967213114754, 0.6885245901639344, 0.9180327868852459, 0.7868852459016393, 0.4262295081967213, 0.9672131147540983, 0.32786885245901637, 1.0]",Method B
Experimental_methods ,start_from_0.5,True,False,False,normed_values_only_modulations,27,0.2612440342683542,0.3886122339857426,"[0.6666666666666666, 0.0, 0.6818181818181818, 0.8333333333333334, 0.8939393939393939, 0.5, 0.6515151515151515, 0.9090909090909091, 0.7727272727272727, 0.4090909090909091, 0.9393939393939394, 0.3181818181818182, 1.0]",Method B
Experimental_methods ,start_from_0.5,True,False,False,normed_values_only_modulations,28,0.2422757505248237,0.4251551940652474,"[0.6901408450704225, 0.0, 0.704225352112676, 0.8309859154929577, 0.9014084507042254, 0.5070422535211268, 0.6619718309859155, 0.9154929577464789, 0.7605633802816901, 0.4225352112676056, 0.9436619718309859, 0.30985915492957744, 1.0]",Method B
Experimental_methods ,start_from_0.5,True,False,False,normed_values_only_modulations,29,0.2290751508396733,0.4515595479847403,"[0.7162162162162162, 0.0, 0.7162162162162162, 0.8378378378378378, 0.8918918918918919, 0.4864864864864865, 0.6621621621621622, 0.9324324324324325, 0.7702702702702703, 0.4189189189189189, 0.9459459459459459, 0.3108108108108108, 1.0]",Method B
Experimental_methods ,start_from_0.5,True,False,False,normed_values_only_modulations,30,0.2172126537548169,0.4759445045995412,"[0.7215189873417721, 0.0, 0.7088607594936709, 0.8481012658227848, 0.8860759493670886, 0.4810126582278481, 0.6582278481012658, 0.9367088607594937, 0.759493670886076, 0.4050632911392405, 0.9367088607594937, 0.3037974683544304, 1.0]",Method B
Experimental_methods ,start_from_0.5,True,False,False,normed_values_only_modulations,31,0.1982547672827337,0.5161530391223873,"[0.7439024390243902, 0.0, 0.7195121951219512, 0.8536585365853658, 0.9024390243902439, 0.4878048780487805, 0.6585365853658537, 0.9390243902439024, 0.7682926829268293, 0.4024390243902439, 0.9512195121951219, 0.2926829268292683, 1.0]",Method B
Experimental_methods ,start_from_0.5,True,False,False,normed_values_only_modulations,32,0.1806495473550582,0.5547850779126128,"[0.7674418604651163, 0.0, 0.7325581395348837, 0.8488372093023255, 0.9186046511627907, 0.4883720930232558, 0.6511627906976745, 0.9418604651162791, 0.7906976744186046, 0.3953488372093023, 0.9651162790697675, 0.27906976744186046, 1.0]",Method B
Chan's method Vanilla,chan_vanilla,True,False,False,normed_values_only_modulations,2,0.7259079527665504,0.0049665679196605,"[0.0, 0.0, 0.0, 0.0, 0.0, 0.5, 0.0, 1.0, 0.0, 0.5, 1.0, 0.5, 1.0]",Method A
Chan's method Vanilla,chan_vanilla,True,False,False,normed_values_only_modulations,3,0.7445134596131822,0.0035096178288104,"[0.0, 0.0, 0.0, 0.3333333333333333, 0.3333333333333333, 0.6666666666666666, 0.3333333333333333, 1.0, 0.3333333333333333, 0.6666666666666666, 1.0, 0.3333333333333333, 1.0]",Method A
Chan's method Vanilla,chan_vanilla,True,False,False,normed_values_only_modulations,4,0.7510332699033224,0.0030865787448638,"[0.0, 0.0, 0.2, 0.2, 0.4, 0.6, 0.4, 1.0, 0.4, 0.6, 1.0, 0.4, 0.8]",Method A
Chan's method Vanilla,chan_vanilla,True,False,False,normed_values_only_modulations,5,0.8038369524685004,0.0009285685540408,"[0.0, 0.0, 0.2857142857142857, 0.14285714285714285, 0.2857142857142857, 0.42857142857142855, 0.2857142857142857, 0.8571428571428571, 0.5714285714285714, 0.42857142857142855, 1.0, 0.42857142857142855, 0.8571428571428571]",Method A
Chan's method Vanilla,chan_vanilla,True,False,False,normed_values_only_modulations,6,0.8487880411230629,0.0002431991351846,"[0.0, 0.0, 0.25, 0.375, 0.375, 0.625, 0.375, 0.875, 0.75, 0.625, 1.0, 0.5, 1.0]",Method A
Chan's method Vanilla,chan_vanilla,True,False,False,normed_values_only_modulations,7,0.759848554933973,0.0025787400907938,"[0.0, 0.0, 0.125, 0.25, 0.25, 0.375, 0.375, 0.875, 0.5, 0.375, 0.875, 0.25, 1.0]",Method A
Chan's method Vanilla,chan_vanilla,True,False,False,normed_values_only_modulations,8,0.7831460636492693,0.0015444161773599,"[0.2222222222222222, 0.0, 0.2222222222222222, 0.3333333333333333, 0.4444444444444444, 0.4444444444444444, 0.4444444444444444, 1.0, 0.6666666666666666, 0.5555555555555556, 1.0, 0.4444444444444444, 1.0]",Method A
Chan's method Vanilla,chan_vanilla,True,False,False,normed_values_only_modulations,9,0.7525513917007738,0.0029940166184866,"[0.2, 0.0, 0.1, 0.3, 0.4, 0.3, 0.4, 0.8, 0.6, 0.4, 0.9, 0.3, 1.0]",Method A
Chan's method Vanilla,chan_vanilla,True,False,False,normed_values_only_modulations,10,0.766338136141334,0.0022483883794242,"[0.3076923076923077, 0.0, 0.15384615384615385, 0.23076923076923078, 0.46153846153846156, 0.38461538461538464, 0.38461538461538464, 0.6923076923076923, 0.6153846153846154, 0.38461538461538464, 0.8461538461538461, 0.38461538461538464, 1.0]",Method A
Chan's method Vanilla,chan_vanilla,True,False,False,normed_values_only_modulations,11,0.7355126348193047,0.0041658356614356,"[0.3333333333333333, 0.0, 0.06666666666666667, 0.2, 0.4, 0.26666666666666666, 0.4, 0.6666666666666666, 0.6, 0.3333333333333333, 0.7333333333333333, 0.3333333333333333, 1.0]",Method A
Chan's method Vanilla,chan_vanilla,True,False,False,normed_values_only_modulations,12,0.769508750237743,0.0020994915836869,"[0.23529411764705882, 0.0, 0.11764705882352941, 0.23529411764705882, 0.47058823529411764, 0.29411764705882354, 0.4117647058823529, 0.6470588235294118, 0.6470588235294118, 0.35294117647058826, 0.7058823529411765, 0.35294117647058826, 1.0]",Method A
Chan's method Vanilla,chan_vanilla,True,False,False,normed_values_only_modulations,13,0.7475357090318505,0.003308280125178,"[0.3, 0.0, 0.15, 0.25, 0.55, 0.35, 0.45, 0.65, 0.6, 0.35, 0.7, 0.4, 1.0]",Method A
Chan's method Vanilla,chan_vanilla,True,False,False,normed_values_only_modulations,14,0.7170973570641463,0.0058007065352455,"[0.2857142857142857, 0.0, 0.14285714285714285, 0.23809523809523808, 0.5238095238095238, 0.2857142857142857, 0.42857142857142855, 0.6666666666666666, 0.5714285714285714, 0.3333333333333333, 0.6666666666666666, 0.3333333333333333, 1.0]",Method A
Chan's method Vanilla,chan_vanilla,True,False,False,normed_values_only_modulations,15,0.6973896739414049,0.0080538214672633,"[0.30434782608695654, 0.0, 0.17391304347826086, 0.2608695652173913, 0.5217391304347826, 0.30434782608695654, 0.4782608695652174, 0.6956521739130435, 0.6086956521739131, 0.30434782608695654, 0.6521739130434783, 0.34782608695652173, 1.0]",Method A
Chan's method Vanilla,chan_vanilla,True,False,False,normed_values_only_modulations,16,0.6669244187889356,0.0127785540432716,"[0.375, 0.0, 0.16666666666666666, 0.20833333333333334, 0.5833333333333334, 0.2916666666666667, 0.4583333333333333, 0.7083333333333334, 0.625, 0.2916666666666667, 0.6666666666666666, 0.375, 1.0]",Method A
Chan's method Vanilla,chan_vanilla,True,False,False,normed_values_only_modulations,17,0.5971997765473713,0.0311545926764615,"[0.4166666666666667, 0.0, 0.125, 0.25, 0.5833333333333334, 0.25, 0.4166666666666667, 0.75, 0.5416666666666666, 0.25, 0.625, 0.3333333333333333, 1.0]",Method A
Chan's method Vanilla,chan_vanilla,True,False,False,normed_values_only_modulations,18,0.5818649565812177,0.0369633825534591,"[0.4444444444444444, 0.0, 0.07407407407407407, 0.25925925925925924, 0.5925925925925926, 0.2222222222222222, 0.4074074074074074, 0.7037037037037037, 0.5555555555555556, 0.2222222222222222, 0.6296296296296297, 0.3333333333333333, 1.0]",Method A
Chan's method Vanilla,chan_vanilla,True,False,False,normed_values_only_modulations,19,0.5529100529100528,0.0500163293737004,"[0.4827586206896552, 0.0, 0.10344827586206896, 0.27586206896551724, 0.5862068965517241, 0.2413793103448276, 0.3448275862068966, 0.7586206896551724, 0.5517241379310345, 0.2413793103448276, 0.6551724137931034, 0.3103448275862069, 1.0]",Method A
Chan's method Vanilla,chan_vanilla,True,False,False,normed_values_only_modulations,20,0.5548059387267128,0.0490731952221359,"[0.5, 0.0, 0.09375, 0.25, 0.5625, 0.21875, 0.34375, 0.71875, 0.53125, 0.21875, 0.6875, 0.3125, 1.0]",Method A
Chan's method Vanilla,chan_vanilla,True,False,False,normed_values_only_modulations,21,0.5449186827203584,0.0541346451935766,"[0.5142857142857142, 0.0, 0.08571428571428572, 0.22857142857142856, 0.5428571428571428, 0.2, 0.34285714285714286, 0.7142857142857143, 0.5142857142857142, 0.22857142857142856, 0.6857142857142857, 0.2857142857142857, 1.0]",Method A
Chan's method Vanilla,chan_vanilla,True,False,False,normed_values_only_modulations,22,0.533921889871149,0.0601891223353432,"[0.5405405405405406, 0.0, 0.08108108108108109, 0.24324324324324326, 0.5135135135135135, 0.1891891891891892, 0.35135135135135137, 0.7027027027027027, 0.4864864864864865, 0.21621621621621623, 0.6756756756756757, 0.2972972972972973, 1.0]",Method A
Chan's method Vanilla,chan_vanilla,True,False,False,normed_values_only_modulations,23,0.5143622385688433,0.0721164986715051,"[0.5641025641025641, 0.0, 0.1282051282051282, 0.2564102564102564, 0.5128205128205128, 0.20512820512820512, 0.358974358974359, 0.6923076923076923, 0.48717948717948717, 0.20512820512820512, 0.6666666666666666, 0.3076923076923077, 1.0]",Method A
Chan's method Vanilla,chan_vanilla,True,False,False,normed_values_only_modulations,24,0.5438805811197112,0.0546868075384152,"[0.5348837209302325, 0.0, 0.18604651162790697, 0.27906976744186046, 0.5581395348837209, 0.2558139534883721, 0.3953488372093023, 0.7209302325581395, 0.5348837209302325, 0.23255813953488372, 0.6744186046511628, 0.3488372093023256, 1.0]",Method A
Chan's method Vanilla,chan_vanilla,True,False,False,normed_values_only_modulations,25,0.5148071889187893,0.0718281468236473,"[0.5434782608695652, 0.0, 0.1956521739130435, 0.30434782608695654, 0.5869565217391305, 0.2608695652173913, 0.3695652173913043, 0.717391304347826, 0.5434782608695652, 0.21739130434782608, 0.6956521739130435, 0.32608695652173914, 1.0]",Method A
Chan's method Vanilla,chan_vanilla,True,False,False,normed_values_only_modulations,26,0.5102916137324145,0.074792160062746,"[0.54, 0.0, 0.2, 0.3, 0.58, 0.28, 0.36, 0.7, 0.5, 0.22, 0.68, 0.32, 1.0]",Method A
Chan's method Vanilla,chan_vanilla,True,False,False,normed_values_only_modulations,27,0.5074020387083602,0.076733026520153,"[0.5185185185185185, 0.0, 0.2037037037037037, 0.3148148148148148, 0.5555555555555556, 0.2777777777777778, 0.37037037037037035, 0.6666666666666666, 0.48148148148148145, 0.2037037037037037, 0.6296296296296297, 0.3148148148148148, 1.0]",Method A
Chan's method Vanilla,chan_vanilla,True,False,False,normed_values_only_modulations,28,0.4864026986254086,0.0919005442406509,"[0.5172413793103449, 0.0, 0.22413793103448276, 0.3448275862068966, 0.5689655172413793, 0.27586206896551724, 0.3793103448275862, 0.6896551724137931, 0.5, 0.1896551724137931, 0.6206896551724138, 0.3103448275862069, 1.0]",Method A
Chan's method Vanilla,chan_vanilla,True,False,False,normed_values_only_modulations,29,0.4853071227379073,0.0927442708266867,"[0.5, 0.0, 0.20967741935483872, 0.3387096774193548, 0.5483870967741935, 0.25806451612903225, 0.3387096774193548, 0.7096774193548387, 0.46774193548387094, 0.1774193548387097, 0.5967741935483871, 0.3064516129032258, 1.0]",Method A
Chan's method Vanilla,chan_vanilla,True,False,False,normed_values_only_modulations,30,0.4800841579358793,0.0968396567499523,"[0.49230769230769234, 0.0, 0.2153846153846154, 0.3384615384615385, 0.5384615384615384, 0.27692307692307694, 0.35384615384615387, 0.7076923076923077, 0.47692307692307695, 0.16923076923076924, 0.5846153846153846, 0.2923076923076923, 1.0]",Method A
Chan's method Vanilla,chan_vanilla,True,False,False,normed_values_only_modulations,31,0.4464463813470308,0.1261954119481139,"[0.5151515151515151, 0.0, 0.21212121212121213, 0.3333333333333333, 0.5454545454545454, 0.24242424242424243, 0.3333333333333333, 0.7121212121212122, 0.48484848484848486, 0.13636363636363635, 0.5909090909090909, 0.2727272727272727, 1.0]",Method A
Chan's method Vanilla,chan_vanilla,True,False,False,normed_values_only_modulations,32,0.4124350558022357,0.1613626918207883,"[0.5606060606060606, 0.0, 0.19696969696969696, 0.30303030303030304, 0.5757575757575758, 0.22727272727272727, 0.3333333333333333, 0.7121212121212122, 0.48484848484848486, 0.10606060606060606, 0.5909090909090909, 0.2727272727272727, 1.0]",Method A
